Workbook

Sheet Instructions & Legend
A1: Adobe Target Web SDK End-to-End Test Checklist
A2: Operational QA tracker based on the latest available Target inventory. Preserve IDs as text, replace To Be Confirmed values with approved facts, and link every failure to a defect and evidence.
A4: Purpose | B4: Use this workbook to plan, execute, evidence, reconcile, and approve Adobe Target continuity testing during migration to Adobe Experience Platform Web SDK.
A5: How to use | B5: 1. Confirm open items and environment values. 2. Review risk-based activity selection. 3. Complete parameter and audience test data. 4. Execute Test Case Master rows. 5. Update supporting validation sheets. 6. Link evidence and defects. 7. Complete production smoke. 8. Obtain sign-off.
A6: Traceability | B6: Every test case is linked to a generic migration risk or an approved activity. Every Fail should have a Defect ID and evidence. A proposition response alone is not proof of visible rendering.
A7: Data quality | B7: Source inventory: 106 activities, 431 detail mappings, 117 offers, 292 audiences. Reconciliation parity passes. Profile script rows: 0.
A8: Status | B8: Definition | C8: Use
A9: Not Started | B9: Execution has not begun. | C9: Initial status for planned rows.
A10: In Progress | B10: Execution or evidence collection is underway. | C10: Use until all expected results and evidence are complete.
A11: Pass | B11: Expected result is met with sufficient evidence. | C11: Use only after request, response, rendering, and reporting checks applicable to the row pass.
A12: Fail | B12: Expected result is not met. | C12: Create or link a defect and evidence.
A13: Blocked | B13: Execution cannot proceed because access, data, environment, or dependency is unavailable. | C13: Record blocker, owner, and next action.
A14: N/A | B14: The control is demonstrably not applicable. | C14: Record the reason; do not use N/A to avoid unavailable data.
A15: Severity | B15: Definition | C15: Example
A16: Critical | B16: Release-stopping privacy, broad site failure, severe data loss, or critical personalization/reporting failure. | C16: Unauthorized data, site outage, or widespread duplicate conversion reporting.
A17: High | B17: Major qualification, rendering, or reporting failure with significant business impact. | C17: Approved critical activity does not qualify, render, or report.
A18: Medium | B18: Limited issue with a workaround or constrained impact. | C18: Browser-specific visual or interaction issue.
A19: Low | B19: Minor visual, documentation, or low-impact inconsistency. | C19: Small spacing issue with no functional/reporting impact.
... A23: Security | B23: Mask customer identifiers, access tokens, cookies, emails, and sensitive profile values. Do not paste secrets into workbook cells or evidence links. | C23: Use stable approved evidence storage.

Sheet Test Summary Dashboard
A1: Adobe Target Web SDK Test Summary Dashboard
A2: Formula-driven execution view. Activities Covered/Not Covered use the selected approved production-smoke population; business-group values remain To Be Confirmed until confirmed by owners.
A4: Test Execution | B4: Count | D4: Readiness & Coverage | E4: Value
A5: Total Test Cases | B5: =COUNTA('Test Case Master'!$A$5:$A$5000) -> 73 | D5: Inventory Activities | E5: 106
A6: Not Started | B6: =COUNTIF('Test Case Master'!$U$5:$U$5000,"Not Started") -> 73 | D6: Selected Active Activities | E6: =COUNTA('Production Smoke & Monitoring'!$A$5:$A$1000) -> 43
A7: In Progress | B7: =COUNTIF('Test Case Master'!$U$5:$U$5000,"In Progress") -> 0 | D7: Activities Covered | E7: =COUNTIF('Production Smoke & Monitoring'!$Q$5:$Q$1000,"Pass") -> 0
A8: Pass | B8: =COUNTIF('Test Case Master'!$U$5:$U$5000,"Pass") -> 0 | D8: Activities Not Covered | E8: =E6-E7 -> 43
A9: Fail | B9: =COUNTIF('Test Case Master'!$U$5:$U$5000,"Fail") -> 0 | D9: Open Defects | E9: =COUNTIFS('Evidence & Defect Log'!$A$5:$A$1000,"<>",'Evidence & Defect Log'!$N$5:$N$1000,"<>Closed") -> 0
A10: Blocked | B10: =COUNTIF('Test Case Master'!$U$5:$U$5000,"Blocked") -> 0 | D10: Open Critical Defects | E10: =COUNTIFS('Evidence & Defect Log'!$A$5:$A$1000,"<>",'Evidence & Defect Log'!$H$5:$H$1000,"Critical",'Evidence & Defect Log'!$N$5:$N$1000,"<>Closed") -> 0
A11: N/A | B11: =COUNTIF('Test Case Master'!$U$5:$U$5000,"N/A") -> 0 | D11: Open High Defects | E11: =COUNTIFS('Evidence & Defect Log'!$A$5:$A$1000,"<>",'Evidence & Defect Log'!$H$5:$H$1000,"High",'Evidence & Defect Log'!$N$5:$N$1000,"<>Closed") -> 0
A12: Pass Percentage | B12: =IFERROR(B8/(B8+B9+B10),0) -> 0 | D12: Open Medium Defects | E12: =COUNTIFS('Evidence & Defect Log'!$A$5:$A$1000,"<>",'Evidence & Defect Log'!$H$5:$H$1000,"Medium",'Evidence & Defect Log'!$N$5:$N$1000,"<>Closed") -> 0
D13: Open Low Defects | E13: =COUNTIFS('Evidence & Defect Log'!$A$5:$A$1000,"<>",'Evidence & Defect Log'!$H$5:$H$1000,"Low",'Evidence & Defect Log'!$N$5:$N$1000,"<>Closed") -> 0
D14: Readiness Status | E14: =IF(AND(E10=0,E11=0,COUNTIFS('Test Case Master'!$A$5:$A$5000,"<>",'Test Case Master'!$U$5:$U$5000,"<>Pass",'Test Case Master'!$U$5:$U$5000,"<>N/A")=0,COUNTA('Production Smoke & Monitoring'!$A$5:$A$1000)>0,COUNTIFS('Production Smoke & Monitoring'!$A$5:$A$1000,"<>",'Production Smoke & Monitoring'!$Q$5:$Q$1000,"<>Pass",'Production Smoke & Monitoring'!$Q$5:$Q$1000,"<>N/A")=0),"Ready","Not Ready") -> Not Ready
D15: Profile Script Rows | E15: 0
A17: Business Group Coverage | B17: Planned Activity Tests | C17: Passed | E17: Coverage Segment | F17: Inventory / Planned | G17: Passed
A18: CT | B18: =COUNTIFS('Test Case Master'!$D$5:$D$5000,A18,'Test Case Master'!$E$5:$E$5000,"<>To Be Confirmed") -> 0 | C18: =COUNTIFS('Test Case Master'!$D$5:$D$5000,A18,'Test Case Master'!$E$5:$E$5000,"<>To Be Confirmed",'Test Case Master'!$U$5:$U$5000,"Pass") -> 0 | E18: Analytics reporting | F18: =COUNTIFS('Test Case Master'!$H$5:$H$5000,"Analytics",'Test Case Master'!$E$5:$E$5000,"<>To Be Confirmed") -> 0 | G18: =COUNTIFS('Test Case Master'!$H$5:$H$5000,"Analytics",'Test Case Master'!$U$5:$U$5000,"Pass") -> 0
A19: OAO | B19: =COUNTIFS('Test Case Master'!$D$5:$D$5000,A19,'Test Case Master'!$E$5:$E$5000,"<>To Be Confirmed") -> 0 | C19: =COUNTIFS('Test Case Master'!$D$5:$D$5000,A19,'Test Case Master'!$E$5:$E$5000,"<>To Be Confirmed",'Test Case Master'!$U$5:$U$5000,"Pass") -> 0 | E19: Target reporting | F19: =COUNTIFS('Test Case Master'!$H$5:$H$5000,"target",'Test Case Master'!$E$5:$E$5000,"<>To Be Confirmed") -> 43 | G19: =COUNTIFS('Test Case Master'!$H$5:$H$5000,"target",'Test Case Master'!$U$5:$U$5000,"Pass") -> 0
A20: D1 | B20: =COUNTIFS('Test Case Master'!$D$5:$D$5000,A20,'Test Case Master'!$E$5:$E$5000,"<>To Be Confirmed") -> 0 | C20: =COUNTIFS('Test Case Master'!$D$5:$D$5000,A20,'Test Case Master'!$E$5:$E$5000,"<>To Be Confirmed",'Test Case Master'!$U$5:$U$5000,"Pass") -> 0 | E20: SPA activities | F20: =COUNTIF('Activity Coverage Matrix'!$O$5:$O$5000,"Yes") -> 0 | G20: =COUNTIFS('Activity Coverage Matrix'!$O$5:$O$5000,"Yes",'Activity Coverage Matrix'!$Y$5:$Y$5000,"Pass") -> 0
A21: To Be Confirmed | B21: =COUNTIFS('Test Case Master'!$D$5:$D$5000,A21,'Test Case Master'!$E$5:$E$5000,"<>To Be Confirmed") -> 43 | C21: =COUNTIFS('Test Case Master'!$D$5:$D$5000,A21,'Test Case Master'!$E$5:$E$5000,"<>To Be Confirmed",'Test Case Master'!$U$5:$U$5000,"Pass") -> 0 | E21: Custom-code mapping rows | F21: =COUNTIF('Activity Coverage Matrix'!$P$5:$P$5000,"Yes*") -> 381 | G21: =COUNTIFS('Activity Coverage Matrix'!$P$5:$P$5000,"Yes*",'Activity Coverage Matrix'!$Y$5:$Y$5000,"Pass") -> 0
E22: Browser matrix | F22: =COUNTA('Browser & Regression Matrix'!$A$5:$A$1000) -> 12 | G22: =COUNTIF('Browser & Regression Matrix'!$N$5:$N$1000,"Pass") -> 0

Sheet Activity Coverage Matrix
A1: Activity Coverage Matrix
A2: One row per activity, experience, and option-location mapping from the 22-column Activity Details Inventory. Audience levels remain separated in the displayed value.
A4: Coverage ID | B4: Business Group | C4: Activity ID | D4: Activity Name | E4: Activity Type | F4: Activity State | G4: Business Criticality | H4: Reporting Source | I4: Experience Name | J4: Audience IDs | K4: Location Type | L4: Location Name | M4: Offer ID | N4: Offer Name | O4: SPA Dependency | P4: Custom Code | Q4: Profile Parameter Dependency | R4: Mbox Parameter Dependency | S4: Analytics Event Dependency | T4: Target Metric Dependency | U4: Risk Rating | V4: Selected for Detailed Testing | W4: Selection Reason | X4: Test Case IDs | Y4: Coverage Status | Z4: Comments
A5: COV-0001 | B5: To Be Confirmed | C5: 270202 | D5: [GS-POC] 2024 Full Year and Fourth Quarter Earnings Results | E5: xt | F5: saved | G5: To Be Confirmed | H5: target | I5: Experience A | J5: Location: 3028922 | K5: selector | L5: Location 0 - h1 | M5: 0 | N5: Offer2 | O5: To Be Confirmed | P5: Yes - offer template evidence | Q5: No evidence in inventory | R5: No evidence in inventory | S5: N/A - Target reporting source | T5: Yes | U5: Medium | V5: No | W5: Saved/inactive; retain for traceability and select if reactivated or confirmed business-critical. | X5: - | Y5: Not Started | Z5: No shared-location evidence found for this activity.
A6: COV-0002 | B6: To Be Confirmed | C6: 263527 | D6: [POC-GS] Header notice | E6: xt | F6: saved | G6: To Be Confirmed | H6: target | I6: Experience A | J6: Location: 2943176 | K6: selector | L6: Location 0 - header | M6: 0 | N6: Offer2 | O6: To Be Confirmed | P6: Yes - offer template evidence | Q6: No evidence in inventory | R6: No evidence in inventory | S6: N/A - Target reporting source | T6: Yes | U6: Medium | V6: No | W6: Saved/inactive; retain for traceability and select if reactivated or confirmed business-critical. | X6: - | Y6: Not Started | Z6: No shared-location evidence found for this activity.
A7: COV-0003 | B7: To Be Confirmed | C7: 263527 | D7: [POC-GS] Header notice | E7: xt | F7: saved | G7: To Be Confirmed | H7: target | I7: Experience A | J7: Location: 2943176 | K7: selector | L7: Location 1 - HTML > BODY > DIV:nth-of-type(1) > DIV:nth-of-type(1) > DIV:nth-of-type(1) > DIV:nth-of-type(1) > DIV:nth-of-type(1) > DIV:nth-of-type(3) > DIV:nth-of-type(1) > DIV:nth-of-type(1) > DIV:nth-of-type(1) > DIV:nth-of-type(1) > DIV:nth-of-type(1) > DIV:nth-of-type(1) > DIV:nth-of-type(1) > DIV:nth-of-type(1) > DIV:nth-of-type(1) > DIV:nth-of-type(1) > DIV:nth-of-type(1) > H1:nth-of-type(1) | M7: 0 | N7: Offer3 | O7: To Be Confirmed | P7: Yes - offer template evidence | Q7: No evidence in inventory | R7: No evidence in inventory | S7: N/A - Target reporting source | T7: Yes | U7: Medium | V7: No | W7: Saved/inactive; retain for traceability and select if reactivated or confirmed business-critical. | X7: - | Y7: Not Started | Z7: No shared-location evidence found for this activity.
A8: COV-0004 | B8: To Be Confirmed | C8: 238801 | D8: [QD Test] XT Experience Demo | E8: xt | F8: approved | G8: To Be Confirmed | H8: target | I8: Experience A | J8: Location: 2625516 | K8: selector | L8: Location 0 - HTML > BODY > HEADER:nth-of-type(1) > DIV:nth-of-type(1) > DIV:nth-of-type(1) > DIV:nth-of-type(1) > DIV:nth-of-type(1) > DIV:nth-of-type(1) > IMG:nth-of-type(1) | M8: 0 | N8: - | O8: To Be Confirmed | P8: Yes - offer template evidence | Q8: No evidence in inventory | R8: No evidence in inventory | S8: N/A - Target reporting source | T8: Yes | U8: High | V8: Yes | W8: Approved/active activity; inventory risk High. | X8: TGT-RND-101 | Y8: Not Started | Z8: Shared-location indicator: up to 3 activity IDs use at least one same-named location.
A9: COV-0005 | B9: To Be Confirmed | C9: 238801 | D9: [QD Test] XT Experience Demo | E9: xt | F9: approved | G9: To Be Confirmed | H9: target | I9: Experience A | J9: Location: 2625516 | K9: selector | L9: Location 1 - HTML > BODY > NAV:nth-of-type(1) > DIV:nth-of-type(1) > A:nth-of-type(1) | M9: 0 | N9: - | O9: To Be Confirmed | P9: Yes - offer template evidence | Q9: No evidence in inventory | R9: No evidence in inventory | S9: N/A - Target reporting source | T9: Yes | U9: High | V9: Yes | W9: Approved/active activity; inventory risk High. | X9: TGT-RND-101 | Y9: Not Started | Z9: Shared-location indicator: up to 3 activity IDs use at least one same-named location.
A10: COV-0006 | B10: To Be Confirmed | C10: 238801 | D10: [QD Test] XT Experience Demo | E10: xt | F10: approved | G10: To Be Confirmed | H10: target | I10: Experience B | J10: Experience: 2625515 | Location: 2625516 | K10: selector | L10: Location 0 - HTML > BODY > HEADER:nth-of-type(1) > DIV:nth-of-type(1) > DIV:nth-of-type(1) > DIV:nth-of-type(1) > DIV:nth-of-type(1) > DIV:nth-of-type(1) > IMG:nth-of-type(1) | M10: 0 | N10: Offer2 | O10: To Be Confirmed | P10: Yes - offer template evidence | Q10: No evidence in inventory | R10: No evidence in inventory | S10: N/A - Target reporting source | T10: Yes | U10: High | V10: Yes | W10: Approved/active activity; inventory risk High. | X10: TGT-RND-101 | Y10: Not Started | Z10: Shared-location indicator: up to 3 activity IDs use at least one same-named location.
A11: COV-0007 | B11: To Be Confirmed | C11: 238801 | D11: [QD Test] XT Experience Demo | E11: xt | F11: approved | G11: To Be Confirmed | H11: target | I11: Experience B | J11: Experience: 2625515 | Location: 2625516 | K11: selector | L11: Location 1 - HTML > BODY > NAV:nth-of-type(1) > DIV:nth-of-type(1) > A:nth-of-type(1) | M11: 0 | N11: - | O11: To Be Confirmed | P11: Yes - offer template evidence | Q11: No evidence in inventory | R11: No evidence in inventory | S11: N/A - Target reporting source | T11: Yes | U11: High | V11: Yes | W11: Approved/active activity; inventory risk High. | X11: TGT-RND-101 | Y11: Not Started | Z11: Shared-location indicator: up to 3 activity IDs use at least one same-named location.
A12: COV-0008 | B12: To Be Confirmed | C12: 238801 | D12: [QD Test] XT Experience Demo | E12: xt | F12: approved | G12: To Be Confirmed | H12: target | I12: Experience C | J12: Experience: 2625532 | Location: 2625516 | K12: selector | L12: Location 0 - HTML > BODY > HEADER:nth-of-type(1) > DIV:nth-of-type(1) > DIV:nth-of-type(1) > DIV:nth-of-type(1) > DIV:nth-of-type(1) > DIV:nth-of-type(1) > IMG:nth-of-type(1) | M12: 0 | N12: Offer4 | O12: To Be Confirmed | P12: Yes - offer template evidence | Q12: No evidence in inventory | R12: No evidence in inventory | S12: N/A - Target reporting source | T12: Yes | U12: High | V12: Yes | W12: Approved/active activity; inventory risk High. | X12: TGT-RND-101 | Y12: Not Started | Z12: Shared-location indicator: up to 3 activity IDs use at least one same-named location.
A13: COV-0009 | B13: To Be Confirmed | C13: 238801 | D13: [QD Test] XT Experience Demo | E13: xt | F13: approved | G13: To Be Confirmed | H13: target | I13: Experience C | J13: Experience: 2625532 | Location: 2625516 | K13: selector | L13: Location 1 - HTML > BODY > NAV:nth-of-type(1) > DIV:nth-of-type(1) > A:nth-of-type(1) | M13: 0 | N13: Offer3 | O13: To Be Confirmed | P13: Yes - offer template evidence | Q13: No evidence in inventory | R13: No evidence in inventory | S13: N/A - Target reporting source | T13: Yes | U13: High | V13: Yes | W13: Approved/active activity; inventory risk High. | X13: TGT-RND-101 | Y13: Not Started | Z13: Shared-location indicator: up to 3 activity IDs use at least one same-named location.
A14: COV-0010 | B14: To Be Confirmed | C14: 265179 | D14: [Untitled Activity] Jan 14 2025, 14:52 | E14: xt | F14: saved | G14: To Be Confirmed | H14: target | I14: Experience A | J14: Location: 2961698 | K14: selector | L14: Location 0 - HTML > BODY > HEADER:nth-of-type(1) | M14: 0 | N14: Offer2 | O14: To Be Confirmed | P14: Yes - offer template evidence | Q14: No evidence in inventory | R14: No evidence in inventory | S14: N/A - Target reporting source | T14: Yes | U14: Medium | V14: No | W14: Saved/inactive; retain for traceability and select if reactivated or confirmed business-critical. | X14: - | Y14: Not Started | Z14: No shared-location evidence found for this activity.
A15: COV-0011 | B15: To Be Confirmed | C15: 265179 | D15: [Untitled Activity] Jan 14 2025, 14:52 | E15: xt | F15: saved | G15: To Be Confirmed | H15: target | I15: Experience A | J15: Location: 2961698 | K15: selector | L15: Location 1 - HTML > BODY > HEADER:nth-of-type(1) | M15: 0 | N15: Offer3 | O15: To Be Confirmed | P15: Yes - offer template evidence | Q15: No evidence in inventory | R15: No evidence in inventory | S15: N/A - Target reporting source | T15: Yes | U15: Medium | V15: No | W15: Saved/inactive; retain for traceability and select if reactivated or confirmed business-critical. | X15: - | Y15: Not Started | Z15: No shared-location evidence found for this activity.
A16: COV-0012 | B16: To Be Confirmed | C16: 319925 | D16: AB test activity | E16: ab | F16: approved | G16: To Be Confirmed | H16: target | I16: Experience A | J16: Location: 3628737 | K16: selector | L16: Location 1 - HTML > BODY > DIV:nth-of-type(1) > DIV:nth-of-type(1) > DIV:nth-of-type(1) > DIV:nth-of-type(2) > DIV:nth-of-type(1) > DIV:nth-of-type(1) > DIV:nth-of-type(1) > P:nth-of-type(2) > A:nth-of-type(1) | M16: 0 | N16: Default Content | O16: To Be Confirmed | P16: Yes - offer template evidence | Q16: No evidence in inventory | R16: No evidence in inventory | S16: N/A - Target reporting source | T16: Yes | U16: High | V16: Yes | W16: Approved/active activity; inventory risk High. | X16: TGT-RND-102 | Y16: Not Started | Z16: Shared-location indicator: up to 2 activity IDs use at least one same-named location.
... A25: COV-0021 | B25: To Be Confirmed | C25: 215656 | D25: AEP Accelerator Gender Based View | E25: xt | F25: approved | G25: To Be Confirmed | H25: target | I25: Experience B | J25: Experience: 2321342 | Location: 2321320 | K25: selector | L25: Location 3 - HTML > BODY > DIV.container:eq(0) > DIV.root:eq(0) > DIV.aem-Grid:eq(0) > DIV.responsivegrid:eq(0) > DIV.aem-Grid:eq(0) > DIV.we-carousel:eq(0) > DIV.cmp-carousel:eq(0) > DIV.cmp-carousel__content:eq(0) > DIV.cmp-carousel__item:eq(0) > DIV.teaser:eq(0) > DIV.cmp-teaser:eq(0) > DIV.cmp-teaser__image:eq(0) > DIV.cmp-image:eq(0) > IMG.cmp-image__image:eq(0) | M25: 0 | N25: Offer9 | O25: To Be Confirmed | P25: Yes - offer template evidence | Q25: No evidence in inventory | R25: No evidence in inventory | S25: N/A - Target reporting source | T25: Yes | U25: High | V25: Yes | W25: Approved/active activity; inventory risk High. | X25: TGT-RND-103 | Y25: Not Started | Z25: No shared-location evidence found for this activity.
A26: COV-0022 | B26: To Be Confirmed | C26: 319918 | D26: AP Test activity | E26: abt | F26: approved | G26: To Be Confirmed | H26: target | I26: - | J26: - | K26: - | L26: - | M26: - | N26: - | O26: To Be Confirmed | P26: No evidence in inventory | Q26: No evidence in inventory | R26: No evidence in inventory | S26: N/A - Target reporting source | T26: No evidence in inventory | U26: Medium | V26: Yes | W26: Approved/active activity; inventory risk Medium. | X26: TGT-RND-104 | Y26: Not Started | Z26: No shared-location evidence found for this activity. Placeholder activity detail row; route, location, and offer require confirmation.
A27: COV-0023 | B27: To Be Confirmed | C27: 229337 | D27: Arc First Test Activity | E27: ab | F27: saved | G27: To Be Confirmed | H27: target | I27: Experience A | J27: Location: 2531029 | K27: selector | L27: Location 0 - HTML > BODY > DIV:nth-of-type(1) > DIV:nth-of-type(1) > DIV:nth-of-type(1) > DIV:nth-of-type(2) > DIV:nth-of-type(1) > DIV:nth-of-type(1) > DIV:nth-of-type(1) > P:nth-of-type(2) > A:nth-of-type(1) | M27: 0 | N27: - | O27: To Be Confirmed | P27: Yes - offer template evidence | Q27: No evidence in inventory | R27: No evidence in inventory | S27: N/A - Target reporting source | T27: Yes | U27: Medium | V27: No | W27: Saved/inactive; retain for traceability and select if reactivated or confirmed business-critical. | X27: - | Y27: Not Started | Z27: No shared-location evidence found for this activity.
A28: COV-0024 | B28: To Be Confirmed | C28: 229337 | D28: Arc First Test Activity | E28: ab | F28: saved | G28: To Be Confirmed | H28: target | I28: Experience B | J28: Location: 2531029 | K28: selector | L28: Location 0 - HTML > BODY > DIV:nth-of-type(1) > DIV:nth-of-type(1) > DIV:nth-of-type(1) > DIV:nth-of-type(2) > DIV:nth-of-type(1) > DIV:nth-of-type(1) > DIV:nth-of-type(1) > P:nth-of-type(2) > A:nth-of-type(1) | M28: 0 | N28: Offer2 | O28: To Be Confirmed | P28: Yes - offer template evidence | Q28: No evidence in inventory | R28: No evidence in inventory | S28: N/A - Target reporting source | T28: Yes | U28: Medium | V28: No | W28: Saved/inactive; retain for traceability and select if reactivated or confirmed business-critical. | X28: - | Y28: Not Started | Z28: No shared-location evidence found for this activity.
A29: COV-0025 | B29: To Be Confirmed | C29: 276577 | D29: blogger A/B test | E29: ab | F29: approved | G29: To Be Confirmed | H29: target | I29: Experience A | J29: Location: 3113043 | K29: selector | L29: Location 0 - HTML > BODY > DIV:nth-of-type(1) > DIV:nth-of-type(1) > DIV:nth-of-type(1) > HEADER:nth-of-type(1) > DIV:nth-of-type(1) > DIV:nth-of-type(2) > DIV:nth-of-type(1) > DIV:nth-of-type(1) > DIV:nth-of-type(1) > DIV:nth-of-type(1) > H1:nth-of-type(1) | M29: 0 | N29: Offer2 | O29: To Be Confirmed | P29: Yes - offer template evidence | Q29: No evidence in inventory | R29: No evidence in inventory | S29: N/A - Target reporting source | T29: Yes | U29: High | V29: Yes | W29: Approved/active activity; inventory risk High. | X29: TGT-RND-105 | Y29: Not Started | Z29: No shared-location evidence found for this activity.
A30: COV-0026 | B30: To Be Confirmed | C30: 276577 | D30: blogger A/B test | E30: ab | F30: approved | G30: To Be Confirmed | H30: target | I30: Experience B | J30: Location: 3113043 | K30: selector | L30: Location 0 - HTML > BODY > DIV:nth-of-type(1) > DIV:nth-of-type(1) > DIV:nth-of-type(1) > HEADER:nth-of-type(1) > DIV:nth-of-type(1) > DIV:nth-of-type(2) > DIV:nth-of-type(1) > DIV:nth-of-type(1) > DIV:nth-of-type(1) > DIV:nth-of-type(1) > H1:nth-of-type(1) | M30: 0 | N30: Offer3 | O30: To Be Confirmed | P30: Yes - offer template evidence | Q30: No evidence in inventory | R30: No evidence in inventory | S30: N/A - Target reporting source | T30: Yes | U30: High | V30: Yes | W30: Approved/active activity; inventory risk High. | X30: TGT-RND-105 | Y30: Not Started | Z30: No shared-location evidence found for this activity.
A31: COV-0027 | B31: To Be Confirmed | C31: 320120 | D31: CAP Gender Personalization | E31: xt | F31: saved | G31: To Be Confirmed | H31: target | I31: Experience B | J31: Experience: 3631673 | Location: 3631680 | K31: selector | L31: Location 1 - HTML > BODY > SECTION:nth-of-type(1) > DIV:nth-of-type(1) > H1:nth-of-type(1) | M31: 0 | N31: Offer 18 | O31: To Be Confirmed | P31: Yes - offer template evidence | Q31: No evidence in inventory | R31: No evidence in inventory | S31: N/A - Target reporting source | T31: Yes | U31: Medium | V31: No | W31: Saved/inactive; retain for traceability and select if reactivated or confirmed business-critical. | X31: - | Y31: Not Started | Z31: Shared-location indicator: up to 2 activity IDs use at least one same-named location.
A32: COV-0028 | B32: To Be Confirmed | C32: 320120 | D32: CAP Gender Personalization | E32: xt | F32: saved | G32: To Be Confirmed | H32: target | I32: Experience D | J32: Experience: 3635114 | Location: 3631680 | K32: selector | L32: Location 1 - HTML > BODY > SECTION:nth-of-type(1) > DIV:nth-of-type(1) > H1:nth-of-type(1) | M32: 0 | N32: Offer 19 | O32: To Be Confirmed | P32: Yes - offer template evidence | Q32: No evidence in inventory | R32: No evidence in inventory | S32: N/A - Target reporting source | T32: Yes | U32: Medium | V32: No | W32: Saved/inactive; retain for traceability and select if reactivated or confirmed business-critical. | X32: - | Y32: Not Started | Z32: Shared-location indicator: up to 2 activity IDs use at least one same-named location.
A33: COV-0029 | B33: To Be Confirmed | C33: 319723 | D33: CAP POC Test1 | E33: xt | F33: saved | G33: To Be Confirmed | H33: target | I33: Experience A | J33: Location: 3625512 | K33: selector | L33: Location 1 - HTML > BODY > SECTION:nth-of-type(1) > DIV:nth-of-type(1) > H1:nth-of-type(1) | M33: 0 | N33: Offer 496 | O33: To Be Confirmed | P33: Yes - offer template evidence | Q33: No evidence in inventory | R33: No evidence in inventory | S33: N/A - Target reporting source | T33: Yes | U33: Medium | V33: No | W33: Saved/inactive; retain for traceability and select if reactivated or confirmed business-critical. | X33: - | Y33: Not Started | Z33: Shared-location indicator: up to 2 activity IDs use at least one same-named location.
A34: COV-0030 | B34: To Be Confirmed | C34: 319723 | D34: CAP POC Test1 | E34: xt | F34: saved | G34: To Be Confirmed | H34: target | I34: Experience A | J34: Location: 3625512 | K34: selector | L34: Location 10 - HTML > BODY > SECTION:nth-of-type(1) > DIV:nth-of-type(1) > H1:nth-of-type(1) | M34: 0 | N34: Offer 496 | O34: To Be Confirmed | P34: Yes - offer template evidence | Q34: No evidence in inventory | R34: No evidence in inventory | S34: N/A - Target reporting source | T34: Yes | U34: Medium | V34: No | W34: Saved/inactive; retain for traceability and select if reactivated or confirmed business-critical. | X34: - | Y34: Not Started | Z34: Shared-location indicator: up to 2 activity IDs use at least one same-named location.
A35: COV-0031 | B35: To Be Confirmed | C35: 319723 | D35: CAP POC Test1 | E35: xt | F35: saved | G35: To Be Confirmed | H35: target | I35: Experience A | J35: Location: 3625512 | K35: selector | L35: Location 16 - HTML > BODY > SECTION:nth-of-type(1) > DIV:nth-of-type(1) > H2:nth-of-type(1) | M35: 0 | N35: Offer 524 | O35: To Be Confirmed | P35: Yes - offer template evidence | Q35: No evidence in inventory | R35: No evidence in inventory | S35: N/A - Target reporting source | T35: Yes | U35: Medium | V35: No | W35: Saved/inactive; retain for traceability and select if reactivated or confirmed business-critical. | X35: - | Y35: Not Started | Z35: Shared-location indicator: up to 2 activity IDs use at least one same-named location.
A36: COV-0032 | B36: To Be Confirmed | C36: 319723 | D36: CAP POC Test1 | E36: xt | F36: saved | G36: To Be Confirmed | H36: target | I36: Experience A | J36: Location: 3625512 | K36: selector | L36: Location 22 - HTML > BODY > SECTION:nth-of-type(1) > DIV:nth-of-type(1) > H6:nth-of-type(1) | M36: 0 | N36: Offer 530 | O36: To Be Confirmed | P36: Yes - offer template evidence | Q36: No evidence in inventory | R36: No evidence in inventory | S36: N/A - Target reporting source | T36: Yes | U36: Medium | V36: No | W36: Saved/inactive; retain for traceability and select if reactivated or confirmed business-critical. | X36: - | Y36: Not Started | Z36: Shared-location indicator: up to 2 activity IDs use at least one same-named location.
A37: COV-0033 | B37: To Be Confirmed | C37: 319723 | D37: CAP POC Test1 | E37: xt | F37: saved | G37: To Be Confirmed | H37: target | I37: Experience A | J37: Location: 3625512 | K37: selector | L37: Location 4 - HTML > BODY > SECTION:nth-of-type(1) | M37: 0 | N37: Offer 526 | O37: To Be Confirmed | P37: Yes - offer template evidence | Q37: No evidence in inventory | R37: No evidence in inventory | S37: N/A - Target reporting source | T37: Yes | U37: Medium | V37: No | W37: Saved/inactive; retain for traceability and select if reactivated or confirmed business-critical. | X37: - | Y37: Not Started | Z37: Shared-location indicator: up to 2 activity IDs use at least one same-named location.
A38: COV-0034 | B38: To Be Confirmed | C38: 319723 | D38: CAP POC Test1 | E38: xt | F38: saved | G38: To Be Confirmed | H38: target | I38: Experience A | J38: Location: 3625512 | K38: selector | L38: Location 9 - HTML > BODY > SECTION:nth-of-type(1) > DIV:nth-of-type(1) > H1:nth-of-type(1) | M38: 0 | N38: Offer 496 | O38: To Be Confirmed | P38: Yes - offer template evidence | Q38: No evidence in inventory | R38: No evidence in inventory | S38: N/A - Target reporting source | T38: Yes | U38: Medium | V38: No | W38: Saved/inactive; retain for traceability and select if reactivated or confirmed business-critical. | X38: - | Y38: Not Started | Z38: Shared-location indicator: up to 2 activity IDs use at least one same-named location.
... A146: COV-0142 | B146: To Be Confirmed | C146: 277464 | D146: Naln luma A/B test | E146: ab | F146: saved | G146: To Be Confirmed | H146: target | I146: Experience B | J146: Location: 3123894 | K146: selector | L146: Location 2 - HTML > BODY > DIV:nth-of-type(1) > DIV:nth-of-type(1) > DIV:nth-of-type(1) > DIV:nth-of-type(2) > DIV:nth-of-type(1) > DIV:nth-of-type(1) > DIV:nth-of-type(1) > P:nth-of-type(2) > A:nth-of-type(1) | M146: 0 | N146: Offer4 | O146: To Be Confirmed | P146: Yes - offer template evidence | Q146: No evidence in inventory | R146: No evidence in inventory | S146: N/A - Target reporting source | T146: Yes | U146: Medium | V146: No | W146: Saved/inactive; retain for traceability and select if reactivated or confirmed business-critical. | X146: - | Y146: Not Started | Z146: Shared-location indicator: up to 3 activity IDs use at least one same-named location.
A147: COV-0143 | B147: To Be Confirmed | C147: 277466 | D147: naln luma MVT | E147: mvt | F147: saved | G147: To Be Confirmed | H147: target | I147: - | J147: - | K147: - | L147: - | M147: - | N147: - | O147: To Be Confirmed | P147: No evidence in inventory | Q147: No evidence in inventory | R147: No evidence in inventory | S147: N/A - Target reporting source | T147: No evidence in inventory | U147: Low | V147: No | W147: Saved/inactive; retain for traceability and select if reactivated or confirmed business-critical. | X147: - | Y147: Not Started | Z147: No shared-location evidence found for this activity. Placeholder activity detail row; route, location, and offer require confirmation.
A148: COV-0144 | B148: To Be Confirmed | C148: 277465 | D148: Naln Luma XT | E148: xt | F148: saved | G148: To Be Confirmed | H148: target | I148: Experience A | J148: Experience: 3123899 | Location: 3123901 | K148: selector | L148: Location 0 - HTML > BODY > DIV:nth-of-type(1) > DIV:nth-of-type(1) > DIV:nth-of-type(1) > DIV:nth-of-type(2) > DIV:nth-of-type(1) > DIV:nth-of-type(1) > DIV:nth-of-type(1) > P:nth-of-type(1) | M148: 0 | N148: Offer2 | O148: To Be Confirmed | P148: Yes - offer template evidence | Q148: No evidence in inventory | R148: No evidence in inventory | S148: N/A - Target reporting source | T148: Yes | U148: Medium | V148: No | W148: Saved/inactive; retain for traceability and select if reactivated or confirmed business-critical. | X148: - | Y148: Not Started | Z148: Shared-location indicator: up to 3 activity IDs use at least one same-named location.
A149: COV-0145 | B149: To Be Confirmed | C149: 277465 | D149: Naln Luma XT | E149: xt | F149: saved | G149: To Be Confirmed | H149: target | I149: Experience B | J149: Experience: 3123900 | Location: 3123901 | K149: selector | L149: Location 0 - HTML > BODY > DIV:nth-of-type(1) > DIV:nth-of-type(1) > DIV:nth-of-type(1) > DIV:nth-of-type(2) > DIV:nth-of-type(1) > DIV:nth-of-type(1) > DIV:nth-of-type(1) > P:nth-of-type(1) | M149: 0 | N149: Offer3 | O149: To Be Confirmed | P149: Yes - offer template evidence | Q149: No evidence in inventory | R149: No evidence in inventory | S149: N/A - Target reporting source | T149: Yes | U149: Medium | V149: No | W149: Saved/inactive; retain for traceability and select if reactivated or confirmed business-critical. | X149: - | Y149: Not Started | Z149: Shared-location indicator: up to 3 activity IDs use at least one same-named location.
A150: COV-0146 | B150: To Be Confirmed | C150: 313102 | D150: Next POC | E150: ab | F150: saved | G150: To Be Confirmed | H150: target | I150: Experience A | J150: Location: 3550328 | K150: selector | L150: emptyNoSelector - emptyNoSelector | M150: 0 | N150: Default Content | O150: To Be Confirmed | P150: No evidence in inventory | Q150: No evidence in inventory | R150: No evidence in inventory | S150: N/A - Target reporting source | T150: Yes | U150: Medium | V150: No | W150: Saved/inactive; retain for traceability and select if reactivated or confirmed business-critical. | X150: - | Y150: Not Started | Z150: Shared-location indicator: up to 2 activity IDs use at least one same-named location.
A151: COV-0147 | B151: To Be Confirmed | C151: 313102 | D151: Next POC | E151: ab | F151: saved | G151: To Be Confirmed | H151: target | I151: Experience B | J151: Location: 3550328 | K151: selector | L151: emptyNoSelector - emptyNoSelector | M151: 0 | N151: Default Content | O151: To Be Confirmed | P151: No evidence in inventory | Q151: No evidence in inventory | R151: No evidence in inventory | S151: N/A - Target reporting source | T151: Yes | U151: Medium | V151: No | W151: Saved/inactive; retain for traceability and select if reactivated or confirmed business-critical. | X151: - | Y151: Not Started | Z151: Shared-location indicator: up to 2 activity IDs use at least one same-named location.
A152: COV-0148 | B152: To Be Confirmed | C152: 292739 | D152: okta.com | E152: xt | F152: approved | G152: To Be Confirmed | H152: target | I152: Experience A | J152: Experience: 3317210 | K152: mbox | L152: launch-trigger-mbox | M152: 807069 | N152: test_111_html | O152: To Be Confirmed | P152: Yes - script evidence | Q152: No evidence in inventory | R152: No evidence in inventory | S152: N/A - Target reporting source | T152: Yes | U152: High | V152: Yes | W152: Approved/active activity; inventory risk High. | X152: TGT-RND-115 | Y152: Not Started | Z152: No shared-location evidence found for this activity.
A153: COV-0149 | B153: To Be Confirmed | C153: 292589 | D153: okta.com test2 | E153: ab | F153: approved | G153: To Be Confirmed | H153: target | I153: Experience A | J153: Location: 3315731,3318542 | K153: selector | L153: Location 3 - HTML > BODY > DIV:nth-of-type(1) > DIV:nth-of-type(1) > DIV:nth-of-type(1) > DIV:nth-of-type(2) > DIV:nth-of-type(1) > DIV:nth-of-type(1) > DIV:nth-of-type(1) > SECTION:nth-of-type(1) > DIV:nth-of-type(1) > DIV:nth-of-type(1) > DIV:nth-of-type(1) > DIV:nth-of-type(1) > H1:nth-of-type(1) | M153: 0 | N153: Offer 7 | O153: To Be Confirmed | P153: Yes - offer template evidence | Q153: Yes | R153: No evidence in inventory | S153: N/A - Target reporting source | T153: Yes | U153: High | V153: Yes | W153: Approved/active activity; inventory risk High. | X153: TGT-RND-116 | Y153: Not Started | Z153: No shared-location evidence found for this activity.
A154: COV-0150 | B154: To Be Confirmed | C154: 292589 | D154: okta.com test2 | E154: ab | F154: approved | G154: To Be Confirmed | H154: target | I154: Experience B | J154: Location: 3315731,3318542 | K154: selector | L154: Location 3 - HTML > BODY > DIV:nth-of-type(1) > DIV:nth-of-type(1) > DIV:nth-of-type(1) > DIV:nth-of-type(2) > DIV:nth-of-type(1) > DIV:nth-of-type(1) > DIV:nth-of-type(1) > SECTION:nth-of-type(1) > DIV:nth-of-type(1) > DIV:nth-of-type(1) > DIV:nth-of-type(1) > DIV:nth-of-type(1) > H1:nth-of-type(1) | M154: 0 | N154: Offer 6 | O154: To Be Confirmed | P154: Yes - offer template evidence | Q154: Yes | R154: No evidence in inventory | S154: N/A - Target reporting source | T154: Yes | U154: High | V154: Yes | W154: Approved/active activity; inventory risk High. | X154: TGT-RND-116 | Y154: Not Started | Z154: No shared-location evidence found for this activity.
A155: COV-0151 | B155: To Be Confirmed | C155: 245616 | D155: Oliver TGA AB Test | E155: ab | F155: approved | G155: To Be Confirmed | H155: target | I155: Experience A | J155: Location: 2717218 | K155: selector | L155: Location 0 - HEAD | M155: 0 | N155: Offer2 | O155: To Be Confirmed | P155: Yes - offer template evidence | Q155: No evidence in inventory | R155: No evidence in inventory | S155: N/A - Target reporting source | T155: Yes | U155: High | V155: Yes | W155: Approved/active activity; inventory risk High. | X155: TGT-RND-117 | Y155: Not Started | Z155: No shared-location evidence found for this activity.
A156: COV-0152 | B156: To Be Confirmed | C156: 245616 | D156: Oliver TGA AB Test | E156: ab | F156: approved | G156: To Be Confirmed | H156: target | I156: Experience B | J156: Location: 2717218 | K156: selector | L156: Location 0 - HEAD | M156: 0 | N156: Offer3 | O156: To Be Confirmed | P156: Yes - offer template evidence | Q156: No evidence in inventory | R156: No evidence in inventory | S156: N/A - Target reporting source | T156: Yes | U156: High | V156: Yes | W156: Approved/active activity; inventory risk High. | X156: TGT-RND-117 | Y156: Not Started | Z156: No shared-location evidence found for this activity.
A157: COV-0153 | B157: To Be Confirmed | C157: 258825 | D157: Oliver TGA Final Target | E157: ab | F157: approved | G157: To Be Confirmed | H157: target | I157: Experience A | J157: Location: 2887171 | K157: selector | L157: Location 0 - HTML > BODY > DIV:nth-of-type(1) > DIV:nth-of-type(1) > DIV:nth-of-type(1) > MAIN:nth-of-type(1) > DIV:nth-of-type(1) > DIV:nth-of-type(1) > DIV:nth-of-type(2) > DIV:nth-of-type(1) > DIV:nth-of-type(1) > DIV:nth-of-type(2) > DIV:nth-of-type(1) > IMG:nth-of-type(1) | M157: 0 | N157: Offer2 | O157: To Be Confirmed | P157: Yes - offer template evidence | Q157: No evidence in inventory | R157: No evidence in inventory | S157: N/A - Target reporting source | T157: Yes | U157: High | V157: Yes | W157: Approved/active activity; inventory risk High. | X157: TGT-RND-118 | Y157: Not Started | Z157: No shared-location evidence found for this activity.
A158: COV-0154 | B158: To Be Confirmed | C158: 258825 | D158: Oliver TGA Final Target | E158: ab | F158: approved | G158: To Be Confirmed | H158: target | I158: Experience A | J158: Location: 2887171 | K158: selector | L158: Location 1 - HTML > BODY > DIV:nth-of-type(1) > DIV:nth-of-type(1) > DIV:nth-of-type(1) > MAIN:nth-of-type(1) > DIV:nth-of-type(1) > DIV:nth-of-type(1) > DIV:nth-of-type(2) > DIV:nth-of-type(1) > DIV:nth-of-type(1) > DIV:nth-of-type(3) | M158: 0 | N158: Offer3 | O158: To Be Confirmed | P158: Yes - offer template evidence | Q158: No evidence in inventory | R158: No evidence in inventory | S158: N/A - Target reporting source | T158: Yes | U158: High | V158: Yes | W158: Approved/active activity; inventory risk High. | X158: TGT-RND-118 | Y158: Not Started | Z158: No shared-location evidence found for this activity.
A159: COV-0155 | B159: To Be Confirmed | C159: 258825 | D159: Oliver TGA Final Target | E159: ab | F159: approved | G159: To Be Confirmed | H159: target | I159: Experience A | J159: Location: 2887171 | K159: selector | L159: Location 2 - HTML > BODY > DIV:nth-of-type(1) > DIV:nth-of-type(1) > DIV:nth-of-type(1) > MAIN:nth-of-type(1) > DIV:nth-of-type(1) > DIV:nth-of-type(1) > DIV:nth-of-type(1) > DIV:nth-of-type(1) > H1:nth-of-type(1) | M159: 0 | N159: Offer4 | O159: To Be Confirmed | P159: Yes - offer template evidence | Q159: No evidence in inventory | R159: No evidence in inventory | S159: N/A - Target reporting source | T159: Yes | U159: High | V159: Yes | W159: Approved/active activity; inventory risk High. | X159: TGT-RND-118 | Y159: Not Started | Z159: No shared-location evidence found for this activity.
... A167: COV-0163 | B167: To Be Confirmed | C167: 233858 | D167: QD AEP POC | E167: ab | F167: saved | G167: To Be Confirmed | H167: target | I167: Experience C | J167: Location: 2560539 | K167: selector | L167: Location 0 - HTML > BODY > DIV:nth-of-type(1) | M167: 0 | N167: Offer2 | O167: To Be Confirmed | P167: Yes - offer template evidence | Q167: No evidence in inventory | R167: No evidence in inventory | S167: N/A - Target reporting source | T167: Yes | U167: Medium | V167: No | W167: Saved/inactive; retain for traceability and select if reactivated or confirmed business-critical. | X167: - | Y167: Not Started | Z167: No shared-location evidence found for this activity.
A168: COV-0164 | B168: To Be Confirmed | C168: 282266 | D168: rec luma ecommerce naln2 | E168: recs | F168: saved | G168: To Be Confirmed | H168: target | I168: - | J168: - | K168: - | L168: - | M168: - | N168: - | O168: To Be Confirmed | P168: No evidence in inventory | Q168: No evidence in inventory | R168: No evidence in inventory | S168: N/A - Target reporting source | T168: No evidence in inventory | U168: Low | V168: No | W168: Saved/inactive; retain for traceability and select if reactivated or confirmed business-critical. | X168: - | Y168: Not Started | Z168: No shared-location evidence found for this activity. Placeholder activity detail row; route, location, and offer require confirmation.
A169: COV-0165 | B169: To Be Confirmed | C169: 290338 | D169: rec luma ecommerce naln2 Category | E169: recs | F169: approved | G169: To Be Confirmed | H169: target | I169: - | J169: - | K169: - | L169: - | M169: - | N169: - | O169: To Be Confirmed | P169: No evidence in inventory | Q169: No evidence in inventory | R169: No evidence in inventory | S169: N/A - Target reporting source | T169: No evidence in inventory | U169: Medium | V169: Yes | W169: Approved/active activity; inventory risk Medium. | X169: TGT-RND-120 | Y169: Not Started | Z169: No shared-location evidence found for this activity. Placeholder activity detail row; route, location, and offer require confirmation.
A170: COV-0166 | B170: To Be Confirmed | C170: 325557 | D170: Ritika POC | E170: ab | F170: saved | G170: To Be Confirmed | H170: target | I170: Experience A | J170: Location: 3693039 | K170: selector | L170: Location 1 - HTML > BODY > SECTION:nth-of-type(1) > DIV:nth-of-type(1) > DIV:nth-of-type(1) > H1:nth-of-type(1) | M170: 0 | N170: Default Content | O170: To Be Confirmed | P170: Yes - offer template evidence | Q170: No evidence in inventory | R170: No evidence in inventory | S170: N/A - Target reporting source | T170: Yes | U170: Medium | V170: No | W170: Saved/inactive; retain for traceability and select if reactivated or confirmed business-critical. | X170: - | Y170: Not Started | Z170: Shared-location indicator: up to 2 activity IDs use at least one same-named location.
A171: COV-0167 | B171: To Be Confirmed | C171: 325557 | D171: Ritika POC | E171: ab | F171: saved | G171: To Be Confirmed | H171: target | I171: Experience B | J171: Location: 3693039 | K171: selector | L171: Location 1 - HTML > BODY > SECTION:nth-of-type(1) > DIV:nth-of-type(1) > DIV:nth-of-type(1) > H1:nth-of-type(1) | M171: 0 | N171: Offer 2 | O171: To Be Confirmed | P171: Yes - offer template evidence | Q171: No evidence in inventory | R171: No evidence in inventory | S171: N/A - Target reporting source | T171: Yes | U171: Medium | V171: No | W171: Saved/inactive; retain for traceability and select if reactivated or confirmed business-critical. | X171: - | Y171: Not Started | Z171: Shared-location indicator: up to 2 activity IDs use at least one same-named location.
A172: COV-0168 | B172: To Be Confirmed | C172: 293092 | D172: rk9-test-on-device | E172: ab | F172: saved | G172: To Be Confirmed | H172: target | I172: Experience A | J172: - | K172: mbox | L172: target-global-mbox | M172: 807579 | N172: experienceAcontent | O172: To Be Confirmed | P172: No evidence in inventory | Q172: No evidence in inventory | R172: No evidence in inventory | S172: N/A - Target reporting source | T172: Yes | U172: Medium | V172: No | W172: Saved/inactive; retain for traceability and select if reactivated or confirmed business-critical. | X172: - | Y172: Not Started | Z172: Shared-location indicator: up to 11 activity IDs use at least one same-named location.
A173: COV-0169 | B173: To Be Confirmed | C173: 292626 | D173: saket_Highly Advance | E173: xt | F173: approved | G173: To Be Confirmed | H173: target | I173: $500 PO Form | J173: Experience: 3319562 | Location: 3316078 | K173: selector | L173: Location 1 - HTML > BODY > H2:nth-of-type(1) | M173: 0 | N173: Default Content | O173: To Be Confirmed | P173: Yes - offer template evidence | Q173: Yes | R173: No evidence in inventory | S173: N/A - Target reporting source | T173: Yes | U173: High | V173: Yes | W173: Approved/active activity; inventory risk High. | X173: TGT-RND-121 | Y173: Not Started | Z173: No shared-location evidence found for this activity.
A174: COV-0170 | B174: To Be Confirmed | C174: 292626 | D174: saket_Highly Advance | E174: xt | F174: approved | G174: To Be Confirmed | H174: target | I174: $500 PO Form | J174: Experience: 3319562 | Location: 3316078 | K174: selector | L174: Location 11 - HTML > BODY > DIV:nth-of-type(1) > DIV:nth-of-type(1) > DIV:nth-of-type(1) > DIV:nth-of-type(1) > DIV:nth-of-type(1) > DIV:nth-of-type(1) > DIV:nth-of-type(1) > DIV:nth-of-type(1) > HEADER:nth-of-type(1) > DIV:nth-of-type(2) > H2:nth-of-type(1) | M174: 0 | N174: Default Content | O174: To Be Confirmed | P174: Yes - offer template evidence | Q174: Yes | R174: No evidence in inventory | S174: N/A - Target reporting source | T174: Yes | U174: High | V174: Yes | W174: Approved/active activity; inventory risk High. | X174: TGT-RND-121 | Y174: Not Started | Z174: No shared-location evidence found for this activity.
A175: COV-0171 | B175: To Be Confirmed | C175: 292626 | D175: saket_Highly Advance | E175: xt | F175: approved | G175: To Be Confirmed | H175: target | I175: $500 PO Form | J175: Experience: 3319562 | Location: 3316078 | K175: selector | L175: Location 18 - HTML > BODY > DIV:nth-of-type(1) > DIV:nth-of-type(1) > DIV:nth-of-type(1) > DIV:nth-of-type(2) > DIV:nth-of-type(1) > DIV:nth-of-type(1) > DIV:nth-of-type(1) > SECTION:nth-of-type(1) > DIV:nth-of-type(1) > DIV:nth-of-type(1) > DIV:nth-of-type(1) > DIV:nth-of-type(1) > DIV:nth-of-type(1) | M175: 0 | N175: Default Content | O175: To Be Confirmed | P175: Yes - offer template evidence | Q175: Yes | R175: No evidence in inventory | S175: N/A - Target reporting source | T175: Yes | U175: High | V175: Yes | W175: Approved/active activity; inventory risk High. | X175: TGT-RND-121 | Y175: Not Started | Z175: No shared-location evidence found for this activity.
A176: COV-0172 | B176: To Be Confirmed | C176: 292626 | D176: saket_Highly Advance | E176: xt | F176: approved | G176: To Be Confirmed | H176: target | I176: $500 PO Form | J176: Experience: 3319562 | Location: 3316078 | K176: selector | L176: Location 2 - HTML > BODY > DIV:nth-of-type(1) > DIV:nth-of-type(1) > H3:nth-of-type(1) | M176: 0 | N176: Default Content | O176: To Be Confirmed | P176: Yes - offer template evidence | Q176: Yes | R176: No evidence in inventory | S176: N/A - Target reporting source | T176: Yes | U176: High | V176: Yes | W176: Approved/active activity; inventory risk High. | X176: TGT-RND-121 | Y176: Not Started | Z176: No shared-location evidence found for this activity.
A177: COV-0173 | B177: To Be Confirmed | C177: 292626 | D177: saket_Highly Advance | E177: xt | F177: approved | G177: To Be Confirmed | H177: target | I177: $500 PO Form | J177: Experience: 3319562 | Location: 3316078 | K177: selector | L177: Location 26 - HTML > BODY > DIV:nth-of-type(1) > DIV:nth-of-type(1) > DIV:nth-of-type(1) > DIV:nth-of-type(2) > DIV:nth-of-type(1) > DIV:nth-of-type(1) > DIV:nth-of-type(1) > SECTION:nth-of-type(1) > DIV:nth-of-type(1) > DIV:nth-of-type(1) > DIV:nth-of-type(1) > DIV:nth-of-type(1) > H1:nth-of-type(1) | M177: 0 | N177: Default Content | O177: To Be Confirmed | P177: Yes - offer template evidence | Q177: Yes | R177: No evidence in inventory | S177: N/A - Target reporting source | T177: Yes | U177: High | V177: Yes | W177: Approved/active activity; inventory risk High. | X177: TGT-RND-121 | Y177: Not Started | Z177: No shared-location evidence found for this activity.
A178: COV-0174 | B178: To Be Confirmed | C178: 292626 | D178: saket_Highly Advance | E178: xt | F178: approved | G178: To Be Confirmed | H178: target | I178: $500 PO Form | J178: Experience: 3319562 | Location: 3316078 | K178: selector | L178: Location 3 - HTML > BODY > DIV:nth-of-type(1) | M178: 0 | N178: Default Content | O178: To Be Confirmed | P178: Yes - offer template evidence | Q178: Yes | R178: No evidence in inventory | S178: N/A - Target reporting source | T178: Yes | U178: High | V178: Yes | W178: Approved/active activity; inventory risk High. | X178: TGT-RND-121 | Y178: Not Started | Z178: No shared-location evidence found for this activity.
A179: COV-0175 | B179: To Be Confirmed | C179: 292626 | D179: saket_Highly Advance | E179: xt | F179: approved | G179: To Be Confirmed | H179: target | I179: $500 PO Form | J179: Experience: 3319562 | Location: 3316078 | K179: selector | L179: Location 35 - HTML > BODY > DIV:nth-of-type(1) > DIV:nth-of-type(1) > DIV:nth-of-type(1) > DIV:nth-of-type(2) > DIV:nth-of-type(1) > DIV:nth-of-type(1) > DIV:nth-of-type(1) > SECTION:nth-of-type(1) > DIV:nth-of-type(1) > DIV:nth-of-type(1) > DIV:nth-of-type(1) > DIV:nth-of-type(1) > P:nth-of-type(1) | M179: 0 | N179: Default Content | O179: To Be Confirmed | P179: Yes - offer template evidence | Q179: Yes | R179: No evidence in inventory | S179: N/A - Target reporting source | T179: Yes | U179: High | V179: Yes | W179: Approved/active activity; inventory risk High. | X179: TGT-RND-121 | Y179: Not Started | Z179: No shared-location evidence found for this activity.
A180: COV-0176 | B180: To Be Confirmed | C180: 292626 | D180: saket_Highly Advance | E180: xt | F180: approved | G180: To Be Confirmed | H180: target | I180: $500 PO Form | J180: Experience: 3319562 | Location: 3316078 | K180: selector | L180: Location 4 - HTML > BODY > P:nth-of-type(1) | M180: 0 | N180: Default Content | O180: To Be Confirmed | P180: Yes - offer template evidence | Q180: Yes | R180: No evidence in inventory | S180: N/A - Target reporting source | T180: Yes | U180: High | V180: Yes | W180: Approved/active activity; inventory risk High. | X180: TGT-RND-121 | Y180: Not Started | Z180: No shared-location evidence found for this activity.
A181: COV-0177 | B181: To Be Confirmed | C181: 292626 | D181: saket_Highly Advance | E181: xt | F181: approved | G181: To Be Confirmed | H181: target | I181: $500 PO Form | J181: Experience: 3319562 | Location: 3316078 | K181: selector | L181: Location 45 - HTML > BODY > DIV:nth-of-type(1) > DIV:nth-of-type(1) > DIV:nth-of-type(1) > DIV:nth-of-type(2) > DIV:nth-of-type(1) > DIV:nth-of-type(1) > DIV:nth-of-type(1) > SECTION:nth-of-type(1) > DIV:nth-of-type(1) > DIV:nth-of-type(1) > DIV:nth-of-type(1) > DIV:nth-of-type(1) > P:nth-of-type(1) | M181: 0 | N181: Default Content | O181: To Be Confirmed | P181: Yes - offer template evidence | Q181: Yes | R181: No evidence in inventory | S181: N/A - Target reporting source | T181: Yes | U181: High | V181: Yes | W181: Approved/active activity; inventory risk High. | X181: TGT-RND-121 | Y181: Not Started | Z181: No shared-location evidence found for this activity.
... A212: COV-0208 | B212: To Be Confirmed | C212: 292079 | D212: Say Hello | E212: ab | F212: saved | G212: To Be Confirmed | H212: target | I212: Experience A | J212: - | K212: mbox | L212: target-global-mbox | M212: 806154 | N212: Say hello | O212: To Be Confirmed | P212: Yes - script evidence | Q212: No evidence in inventory | R212: No evidence in inventory | S212: N/A - Target reporting source | T212: Yes | U212: Medium | V212: No | W212: Saved/inactive; retain for traceability and select if reactivated or confirmed business-critical. | X212: - | Y212: Not Started | Z212: Shared-location indicator: up to 11 activity IDs use at least one same-named location.
A213: COV-0209 | B213: To Be Confirmed | C213: 275412 | D213: Spectra_MVP | E213: recs | F213: approved | G213: To Be Confirmed | H213: target | I213: - | J213: - | K213: - | L213: - | M213: - | N213: - | O213: To Be Confirmed | P213: No evidence in inventory | Q213: No evidence in inventory | R213: No evidence in inventory | S213: N/A - Target reporting source | T213: No evidence in inventory | U213: Medium | V213: Yes | W213: Approved/active activity; inventory risk Medium. | X213: TGT-RND-122 | Y213: Not Started | Z213: No shared-location evidence found for this activity. Placeholder activity detail row; route, location, and offer require confirmation.
A214: COV-0210 | B214: To Be Confirmed | C214: 275457 | D214: Spectra_RVI | E214: recs | F214: approved | G214: To Be Confirmed | H214: target | I214: - | J214: - | K214: - | L214: - | M214: - | N214: - | O214: To Be Confirmed | P214: No evidence in inventory | Q214: No evidence in inventory | R214: No evidence in inventory | S214: N/A - Target reporting source | T214: No evidence in inventory | U214: Medium | V214: Yes | W214: Approved/active activity; inventory risk Medium. | X214: TGT-RND-123 | Y214: Not Started | Z214: No shared-location evidence found for this activity. Placeholder activity detail row; route, location, and offer require confirmation.
A215: COV-0211 | B215: To Be Confirmed | C215: 275324 | D215: Spectra_testActivity | E215: ab | F215: saved | G215: To Be Confirmed | H215: target | I215: Experience A | J215: Location: 3096651 | K215: selector | L215: Location 0 - HTML > BODY > DIV:nth-of-type(1) > SECTION:nth-of-type(1) > H2:nth-of-type(1) | M215: 0 | N215: - | O215: To Be Confirmed | P215: Yes - offer template evidence | Q215: No evidence in inventory | R215: No evidence in inventory | S215: N/A - Target reporting source | T215: Yes | U215: Medium | V215: No | W215: Saved/inactive; retain for traceability and select if reactivated or confirmed business-critical. | X215: - | Y215: Not Started | Z215: No shared-location evidence found for this activity.
A216: COV-0212 | B216: To Be Confirmed | C216: 275324 | D216: Spectra_testActivity | E216: ab | F216: saved | G216: To Be Confirmed | H216: target | I216: Experience B | J216: Location: 3096651 | K216: selector | L216: Location 0 - HTML > BODY > DIV:nth-of-type(1) > SECTION:nth-of-type(1) > H2:nth-of-type(1) | M216: 0 | N216: Offer2 | O216: To Be Confirmed | P216: Yes - offer template evidence | Q216: No evidence in inventory | R216: No evidence in inventory | S216: N/A - Target reporting source | T216: Yes | U216: Medium | V216: No | W216: Saved/inactive; retain for traceability and select if reactivated or confirmed business-critical. | X216: - | Y216: Not Started | Z216: No shared-location evidence found for this activity.
A217: COV-0213 | B217: To Be Confirmed | C217: 319335 | D217: Subm WEB SDK POC SOlutions | E217: xt | F217: approved | G217: To Be Confirmed | H217: target | I217: Experience A | J217: Location: 3621317 | K217: selector | L217: Location 1 - HTML > BODY > MAIN:nth-of-type(1) > DIV:nth-of-type(1) > DIV:nth-of-type(1) > DIV:nth-of-type(1) > DIV:nth-of-type(1) > DIV:nth-of-type(1) > H1:nth-of-type(1) | M217: 0 | N217: Offer 161 | O217: To Be Confirmed | P217: Yes - offer template evidence | Q217: No evidence in inventory | R217: No evidence in inventory | S217: N/A - Target reporting source | T217: Yes | U217: High | V217: Yes | W217: Approved/active activity; inventory risk High. | X217: TGT-RND-124 | Y217: Not Started | Z217: Shared-location indicator: up to 3 activity IDs use at least one same-named location.
A218: COV-0214 | B218: To Be Confirmed | C218: 319335 | D218: Subm WEB SDK POC SOlutions | E218: xt | F218: approved | G218: To Be Confirmed | H218: target | I218: Experience A | J218: Location: 3621317 | K218: selector | L218: Location 3 - HTML > BODY > MAIN:nth-of-type(1) > DIV:nth-of-type(1) > DIV:nth-of-type(1) > DIV:nth-of-type(1) > DIV:nth-of-type(2) > DIV:nth-of-type(1) > DIV:nth-of-type(1) > DIV:nth-of-type(2) > H2:nth-of-type(1) | M218: 0 | N218: Offer 83 | O218: To Be Confirmed | P218: Yes - offer template evidence | Q218: No evidence in inventory | R218: No evidence in inventory | S218: N/A - Target reporting source | T218: Yes | U218: High | V218: Yes | W218: Approved/active activity; inventory risk High. | X218: TGT-RND-124 | Y218: Not Started | Z218: Shared-location indicator: up to 3 activity IDs use at least one same-named location.
A219: COV-0215 | B219: To Be Confirmed | C219: 215655 | D219: Target Test | E219: xt | F219: approved | G219: To Be Confirmed | H219: target | I219: Experience A | J219: Location: 2321319 | K219: selector | L219: Location 0 - HTML > BODY > DIV.container:eq(0) > DIV.root:eq(0) > DIV.aem-Grid:eq(0) > DIV.responsivegrid:eq(0) > DIV.aem-Grid:eq(0) > DIV.title:eq(0) > DIV.cmp-title:eq(0) > H2.cmp-title__text:eq(0) | M219: 0 | N219: Offer2 | O219: To Be Confirmed | P219: Yes - offer template evidence | Q219: No evidence in inventory | R219: No evidence in inventory | S219: N/A - Target reporting source | T219: Yes | U219: High | V219: Yes | W219: Approved/active activity; inventory risk High. | X219: TGT-RND-125 | Y219: Not Started | Z219: No shared-location evidence found for this activity.
A220: COV-0216 | B220: To Be Confirmed | C220: 228711 | D220: Target Training Demo | E220: ab | F220: saved | G220: To Be Confirmed | H220: target | I220: Experience A | J220: Location: 2496369 | K220: selector | L220: Location 0 - HTML > BODY > DIV:nth-of-type(1) > DIV:nth-of-type(2) > DIV:nth-of-type(1) > A:nth-of-type(1) > BUTTON:nth-of-type(1) | M220: 0 | N220: - | O220: To Be Confirmed | P220: Yes - offer template evidence | Q220: No evidence in inventory | R220: No evidence in inventory | S220: N/A - Target reporting source | T220: Yes | U220: Medium | V220: No | W220: Saved/inactive; retain for traceability and select if reactivated or confirmed business-critical. | X220: - | Y220: Not Started | Z220: No shared-location evidence found for this activity.
A221: COV-0217 | B221: To Be Confirmed | C221: 228711 | D221: Target Training Demo | E221: ab | F221: saved | G221: To Be Confirmed | H221: target | I221: Experience B | J221: Location: 2496369 | K221: selector | L221: Location 0 - HTML > BODY > DIV:nth-of-type(1) > DIV:nth-of-type(2) > DIV:nth-of-type(1) > A:nth-of-type(1) > BUTTON:nth-of-type(1) | M221: 0 | N221: Offer2 | O221: To Be Confirmed | P221: Yes - offer template evidence | Q221: No evidence in inventory | R221: No evidence in inventory | S221: N/A - Target reporting source | T221: Yes | U221: Medium | V221: No | W221: Saved/inactive; retain for traceability and select if reactivated or confirmed business-critical. | X221: - | Y221: Not Started | Z221: No shared-location evidence found for this activity.
A222: COV-0218 | B222: To Be Confirmed | C222: 257121 | D222: Target_Demo2 | E222: ab | F222: saved | G222: To Be Confirmed | H222: target | I222: Experience A | J222: Location: 2866086 | K222: selector | L222: Location 0 - HTML > BODY > MAIN:nth-of-type(1) > DIV:nth-of-type(1) > DIV:nth-of-type(1) > H2:nth-of-type(1) | M222: 0 | N222: Offer2 | O222: To Be Confirmed | P222: Yes - offer template evidence | Q222: No evidence in inventory | R222: No evidence in inventory | S222: N/A - Target reporting source | T222: Yes | U222: Medium | V222: No | W222: Saved/inactive; retain for traceability and select if reactivated or confirmed business-critical. | X222: - | Y222: Not Started | Z222: No shared-location evidence found for this activity.
A223: COV-0219 | B223: To Be Confirmed | C223: 257121 | D223: Target_Demo2 | E223: ab | F223: saved | G223: To Be Confirmed | H223: target | I223: Experience B | J223: Location: 2866086 | K223: selector | L223: Location 0 - HTML > BODY > MAIN:nth-of-type(1) > DIV:nth-of-type(1) > DIV:nth-of-type(1) > H2:nth-of-type(1) | M223: 0 | N223: Offer3 | O223: To Be Confirmed | P223: Yes - offer template evidence | Q223: No evidence in inventory | R223: No evidence in inventory | S223: N/A - Target reporting source | T223: Yes | U223: Medium | V223: No | W223: Saved/inactive; retain for traceability and select if reactivated or confirmed business-critical. | X223: - | Y223: Not Started | Z223: No shared-location evidence found for this activity.
A224: COV-0220 | B224: To Be Confirmed | C224: 257120 | D224: TargetDemo_10_27 | E224: ab | F224: saved | G224: To Be Confirmed | H224: target | I224: Experience A | J224: Location: 2866081 | K224: selector | L224: Location 0 - HTML > BODY > MAIN:nth-of-type(1) > DIV:nth-of-type(1) > DIV:nth-of-type(1) > DIV:nth-of-type(1) > DIV:nth-of-type(1) > DIV:nth-of-type(1) > H1:nth-of-type(1) | M224: 0 | N224: Offer2 | O224: To Be Confirmed | P224: Yes - offer template evidence | Q224: No evidence in inventory | R224: No evidence in inventory | S224: N/A - Target reporting source | T224: Yes | U224: Medium | V224: No | W224: Saved/inactive; retain for traceability and select if reactivated or confirmed business-critical. | X224: - | Y224: Not Started | Z224: Shared-location indicator: up to 3 activity IDs use at least one same-named location.
A225: COV-0221 | B225: To Be Confirmed | C225: 257120 | D225: TargetDemo_10_27 | E225: ab | F225: saved | G225: To Be Confirmed | H225: target | I225: Experience A | J225: Location: 2866081 | K225: selector | L225: Location 1 - HTML > BODY > MAIN:nth-of-type(1) > DIV:nth-of-type(1) > DIV:nth-of-type(1) > DIV:nth-of-type(1) > DIV:nth-of-type(1) > DIV:nth-of-type(1) > H1:nth-of-type(1) | M225: 0 | N225: Offer3 | O225: To Be Confirmed | P225: Yes - offer template evidence | Q225: No evidence in inventory | R225: No evidence in inventory | S225: N/A - Target reporting source | T225: Yes | U225: Medium | V225: No | W225: Saved/inactive; retain for traceability and select if reactivated or confirmed business-critical. | X225: - | Y225: Not Started | Z225: Shared-location indicator: up to 3 activity IDs use at least one same-named location.
A226: COV-0222 | B226: To Be Confirmed | C226: 257120 | D226: TargetDemo_10_27 | E226: ab | F226: saved | G226: To Be Confirmed | H226: target | I226: Experience B | J226: Location: 2866081 | K226: selector | L226: Location 0 - HTML > BODY > MAIN:nth-of-type(1) > DIV:nth-of-type(1) > DIV:nth-of-type(1) > DIV:nth-of-type(1) > DIV:nth-of-type(1) > DIV:nth-of-type(1) > H1:nth-of-type(1) | M226: 0 | N226: Offer4 | O226: To Be Confirmed | P226: Yes - offer template evidence | Q226: No evidence in inventory | R226: No evidence in inventory | S226: N/A - Target reporting source | T226: Yes | U226: Medium | V226: No | W226: Saved/inactive; retain for traceability and select if reactivated or confirmed business-critical. | X226: - | Y226: Not Started | Z226: Shared-location indicator: up to 3 activity IDs use at least one same-named location.
... A229: COV-0225 | B229: To Be Confirmed | C229: 294004 | D229: Tarining-Target-EW | E229: xt | F229: saved | G229: To Be Confirmed | H229: target | I229: Family-Oriented | J229: Experience: 3331377 | K229: mbox | L229: target-ew-mbox | M229: 809621 | N229: Family-Oriented-HTML | O229: To Be Confirmed | P229: No evidence in inventory | Q229: No evidence in inventory | R229: Yes | S229: N/A - Target reporting source | T229: Yes | U229: Medium | V229: No | W229: Saved/inactive; retain for traceability and select if reactivated or confirmed business-critical. | X229: - | Y229: Not Started | Z229: Shared-location indicator: up to 7 activity IDs use at least one same-named location.
A230: COV-0226 | B230: To Be Confirmed | C230: 292490 | D230: Tarining-Target-EW1 | E230: auto_allocate | F230: saved | G230: To Be Confirmed | H230: target | I230: - | J230: - | K230: - | L230: - | M230: - | N230: - | O230: To Be Confirmed | P230: No evidence in inventory | Q230: No evidence in inventory | R230: No evidence in inventory | S230: N/A - Target reporting source | T230: No evidence in inventory | U230: Low | V230: No | W230: Saved/inactive; retain for traceability and select if reactivated or confirmed business-critical. | X230: - | Y230: Not Started | Z230: No shared-location evidence found for this activity. Placeholder activity detail row; route, location, and offer require confirmation.
A231: COV-0227 | B231: To Be Confirmed | C231: 292950 | D231: Tarining-Target-EW2 | E231: xt | F231: saved | G231: To Be Confirmed | H231: target | I231: Experience B | J231: Experience: 3321907 | Location: 3326984 | K231: mbox | L231: target-ew-mbox | M231: 0 | N231: Default Content | O231: To Be Confirmed | P231: No evidence in inventory | Q231: No evidence in inventory | R231: Yes | S231: N/A - Target reporting source | T231: Yes | U231: Medium | V231: No | W231: Saved/inactive; retain for traceability and select if reactivated or confirmed business-critical. | X231: - | Y231: Not Started | Z231: Shared-location indicator: up to 7 activity IDs use at least one same-named location.
A232: COV-0228 | B232: To Be Confirmed | C232: 292950 | D232: Tarining-Target-EW2 | E232: xt | F232: saved | G232: To Be Confirmed | H232: target | I232: Experience B | J232: Experience: 3321907 | Location: 3321907 | K232: mbox | L232: target-ew-mbox | M232: 807485 | N232: Target_EW_Offer | O232: To Be Confirmed | P232: No evidence in inventory | Q232: No evidence in inventory | R232: Yes | S232: N/A - Target reporting source | T232: Yes | U232: Medium | V232: No | W232: Saved/inactive; retain for traceability and select if reactivated or confirmed business-critical. | X232: - | Y232: Not Started | Z232: Shared-location indicator: up to 7 activity IDs use at least one same-named location.
A233: COV-0229 | B233: To Be Confirmed | C233: 292950 | D233: Tarining-Target-EW2 | E233: xt | F233: saved | G233: To Be Confirmed | H233: target | I233: Experience B1 | J233: Experience: 3326984 | Location: 3326984 | K233: mbox | L233: target-ew-mbox | M233: 808259 | N233: Bye offer | O233: To Be Confirmed | P233: No evidence in inventory | Q233: No evidence in inventory | R233: Yes | S233: N/A - Target reporting source | T233: Yes | U233: Medium | V233: No | W233: Saved/inactive; retain for traceability and select if reactivated or confirmed business-critical. | X233: - | Y233: Not Started | Z233: Shared-location indicator: up to 7 activity IDs use at least one same-named location.
A234: COV-0230 | B234: To Be Confirmed | C234: 292950 | D234: Tarining-Target-EW2 | E234: xt | F234: saved | G234: To Be Confirmed | H234: target | I234: Experience B1 | J234: Experience: 3326984 | Location: 3321907 | K234: mbox | L234: target-ew-mbox | M234: 807485 | N234: Target_EW_Offer | O234: To Be Confirmed | P234: No evidence in inventory | Q234: No evidence in inventory | R234: Yes | S234: N/A - Target reporting source | T234: Yes | U234: Medium | V234: No | W234: Saved/inactive; retain for traceability and select if reactivated or confirmed business-critical. | X234: - | Y234: Not Started | Z234: Shared-location indicator: up to 7 activity IDs use at least one same-named location.
A235: COV-0231 | B235: To Be Confirmed | C235: 297500 | D235: Tarining-Target-EW2 Copy | E235: xt | F235: saved | G235: To Be Confirmed | H235: target | I235: Experience B | J235: Experience: 3321907 | Location: 3326984 | K235: mbox | L235: target-ew-mbox | M235: 0 | N235: Default Content | O235: To Be Confirmed | P235: No evidence in inventory | Q235: No evidence in inventory | R235: Yes | S235: N/A - Target reporting source | T235: Yes | U235: Medium | V235: No | W235: Saved/inactive; retain for traceability and select if reactivated or confirmed business-critical. | X235: - | Y235: Not Started | Z235: Shared-location indicator: up to 7 activity IDs use at least one same-named location.
A236: COV-0232 | B236: To Be Confirmed | C236: 297500 | D236: Tarining-Target-EW2 Copy | E236: xt | F236: saved | G236: To Be Confirmed | H236: target | I236: Experience B | J236: Experience: 3321907 | Location: 3321907 | K236: mbox | L236: target-ew-mbox | M236: 807485 | N236: Target_EW_Offer | O236: To Be Confirmed | P236: No evidence in inventory | Q236: No evidence in inventory | R236: Yes | S236: N/A - Target reporting source | T236: Yes | U236: Medium | V236: No | W236: Saved/inactive; retain for traceability and select if reactivated or confirmed business-critical. | X236: - | Y236: Not Started | Z236: Shared-location indicator: up to 7 activity IDs use at least one same-named location.
A237: COV-0233 | B237: To Be Confirmed | C237: 297500 | D237: Tarining-Target-EW2 Copy | E237: xt | F237: saved | G237: To Be Confirmed | H237: target | I237: Experience B1 | J237: Experience: 3326984 | Location: 3326984 | K237: mbox | L237: target-ew-mbox | M237: 814871 | N237: Bye offer | O237: To Be Confirmed | P237: No evidence in inventory | Q237: No evidence in inventory | R237: Yes | S237: N/A - Target reporting source | T237: Yes | U237: Medium | V237: No | W237: Saved/inactive; retain for traceability and select if reactivated or confirmed business-critical. | X237: - | Y237: Not Started | Z237: Shared-location indicator: up to 7 activity IDs use at least one same-named location.
A238: COV-0234 | B238: To Be Confirmed | C238: 297500 | D238: Tarining-Target-EW2 Copy | E238: xt | F238: saved | G238: To Be Confirmed | H238: target | I238: Experience B1 | J238: Experience: 3326984 | Location: 3321907 | K238: mbox | L238: target-ew-mbox | M238: 813089 | N238: Texas GAQ Test Offer | O238: To Be Confirmed | P238: No evidence in inventory | Q238: No evidence in inventory | R238: Yes | S238: N/A - Target reporting source | T238: Yes | U238: Medium | V238: No | W238: Saved/inactive; retain for traceability and select if reactivated or confirmed business-critical. | X238: - | Y238: Not Started | Z238: Shared-location indicator: up to 7 activity IDs use at least one same-named location.
A239: COV-0235 | B239: To Be Confirmed | C239: 293206 | D239: Tarining-Target-EW3 | E239: xt | F239: saved | G239: To Be Confirmed | H239: target | I239: Experience A | J239: - | K239: mbox | L239: target-global-mbox | M239: 807772 | N239: Target-EW-Offer | O239: To Be Confirmed | P239: No evidence in inventory | Q239: No evidence in inventory | R239: No evidence in inventory | S239: N/A - Target reporting source | T239: Yes | U239: Medium | V239: No | W239: Saved/inactive; retain for traceability and select if reactivated or confirmed business-critical. | X239: - | Y239: Not Started | Z239: Shared-location indicator: up to 11 activity IDs use at least one same-named location.
A240: COV-0236 | B240: To Be Confirmed | C240: 293272 | D240: Tarining-Target-EW4 | E240: ab | F240: saved | G240: To Be Confirmed | H240: target | I240: Experience A | J240: - | K240: mbox | L240: target-global-mbox | M240: 807831 | N240: EdgeTargetTestOfferOne | O240: To Be Confirmed | P240: No evidence in inventory | Q240: No evidence in inventory | R240: No evidence in inventory | S240: N/A - Target reporting source | T240: Yes | U240: Medium | V240: No | W240: Saved/inactive; retain for traceability and select if reactivated or confirmed business-critical. | X240: - | Y240: Not Started | Z240: Shared-location indicator: up to 11 activity IDs use at least one same-named location.
A241: COV-0237 | B241: To Be Confirmed | C241: 293382 | D241: Tarining-Target-EW5 | E241: xt | F241: saved | G241: To Be Confirmed | H241: target | I241: Florida | J241: Experience: 3327083 | Location: 3324697 | K241: mbox | L241: target-ew-mbox | M241: 809600 | N241: FLL offer | O241: To Be Confirmed | P241: No evidence in inventory | Q241: No evidence in inventory | R241: No evidence in inventory | S241: N/A - Target reporting source | T241: Yes | U241: Medium | V241: No | W241: Saved/inactive; retain for traceability and select if reactivated or confirmed business-critical. | X241: - | Y241: Not Started | Z241: Shared-location indicator: up to 7 activity IDs use at least one same-named location.
A242: COV-0238 | B242: To Be Confirmed | C242: 293382 | D242: Tarining-Target-EW5 | E242: xt | F242: saved | G242: To Be Confirmed | H242: target | I242: Texas | J242: Experience: 3324697 | Location: 3324697 | K242: mbox | L242: target-ew-mbox | M242: 809601 | N242: ALL offer | O242: To Be Confirmed | P242: No evidence in inventory | Q242: No evidence in inventory | R242: No evidence in inventory | S242: N/A - Target reporting source | T242: Yes | U242: Medium | V242: No | W242: Saved/inactive; retain for traceability and select if reactivated or confirmed business-critical. | X242: - | Y242: Not Started | Z242: Shared-location indicator: up to 7 activity IDs use at least one same-named location.
... A393: COV-0389 | B393: To Be Confirmed | C393: 320683 | D393: Untitled Activity 3/4/2026, 12:31:52 PM | E393: xt | F393: saved | G393: To Be Confirmed | H393: target | I393: Experience A | J393: Location: 3639624 | K393: selector | L393: Location 1 - HTML > BODY > SECTION:nth-of-type(1) | M393: 852095 | N393: Offer 2 | O393: To Be Confirmed | P393: Yes - offer template evidence | Q393: No evidence in inventory | R393: No evidence in inventory | S393: N/A - Target reporting source | T393: Yes | U393: Medium | V393: No | W393: Saved/inactive; retain for traceability and select if reactivated or confirmed business-critical. | X393: - | Y393: Not Started | Z393: No shared-location evidence found for this activity.
A394: COV-0390 | B394: To Be Confirmed | C394: 326323 | D394: Untitled Activity 4/10/2026, 9:52:42 PM | E394: mvt | F394: saved | G394: To Be Confirmed | H394: target | I394: - | J394: - | K394: - | L394: - | M394: - | N394: - | O394: To Be Confirmed | P394: No evidence in inventory | Q394: No evidence in inventory | R394: No evidence in inventory | S394: N/A - Target reporting source | T394: No evidence in inventory | U394: Low | V394: No | W394: Saved/inactive; retain for traceability and select if reactivated or confirmed business-critical. | X394: - | Y394: Not Started | Z394: No shared-location evidence found for this activity. Placeholder activity detail row; route, location, and offer require confirmation.
A395: COV-0391 | B395: To Be Confirmed | C395: 327828 | D395: Untitled Activity 4/21/2026, 2:50:59 PM | E395: abt | F395: saved | G395: To Be Confirmed | H395: target | I395: - | J395: - | K395: - | L395: - | M395: - | N395: - | O395: To Be Confirmed | P395: No evidence in inventory | Q395: No evidence in inventory | R395: No evidence in inventory | S395: N/A - Target reporting source | T395: No evidence in inventory | U395: Low | V395: No | W395: Saved/inactive; retain for traceability and select if reactivated or confirmed business-critical. | X395: - | Y395: Not Started | Z395: No shared-location evidence found for this activity. Placeholder activity detail row; route, location, and offer require confirmation.
A396: COV-0392 | B396: To Be Confirmed | C396: 328889 | D396: Untitled Activity 4/29/2026, 4:29:01 PM | E396: xt | F396: saved | G396: To Be Confirmed | H396: target | I396: Experience A | J396: - | K396: mbox | L396: target-global-mbox | M396: 744337 | N396: GRE Test JSON Offer | O396: To Be Confirmed | P396: No evidence in inventory | Q396: No evidence in inventory | R396: No evidence in inventory | S396: N/A - Target reporting source | T396: Yes | U396: Medium | V396: No | W396: Saved/inactive; retain for traceability and select if reactivated or confirmed business-critical. | X396: - | Y396: Not Started | Z396: Shared-location indicator: up to 11 activity IDs use at least one same-named location.
A397: COV-0393 | B397: To Be Confirmed | C397: 330918 | D397: Untitled Activity 5/12/2026, 8:30:59 PM | E397: ab | F397: saved | G397: To Be Confirmed | H397: target | I397: Experience A | J397: Location: 3789090,3787172 | K397: selector | L397: Location 1 - HTML > BODY > SECTION:nth-of-type(1) > DIV:nth-of-type(1) > DIV:nth-of-type(1) > A:nth-of-type(1) | M397: 0 | N397: Offer 29 | O397: To Be Confirmed | P397: Yes - offer template evidence | Q397: No evidence in inventory | R397: No evidence in inventory | S397: N/A - Target reporting source | T397: Yes | U397: Medium | V397: No | W397: Saved/inactive; retain for traceability and select if reactivated or confirmed business-critical. | X397: - | Y397: Not Started | Z397: No shared-location evidence found for this activity.
A398: COV-0394 | B398: To Be Confirmed | C398: 330918 | D398: Untitled Activity 5/12/2026, 8:30:59 PM | E398: ab | F398: saved | G398: To Be Confirmed | H398: target | I398: Experience A | J398: Location: 3789090,3787172 | K398: selector | L398: Location 3 - HTML > BODY > SECTION:nth-of-type(1) > DIV:nth-of-type(1) > DIV:nth-of-type(1) > A:nth-of-type(1) | M398: 0 | N398: Default Content | O398: To Be Confirmed | P398: Yes - offer template evidence | Q398: No evidence in inventory | R398: No evidence in inventory | S398: N/A - Target reporting source | T398: Yes | U398: Medium | V398: No | W398: Saved/inactive; retain for traceability and select if reactivated or confirmed business-critical. | X398: - | Y398: Not Started | Z398: No shared-location evidence found for this activity.
A399: COV-0395 | B399: To Be Confirmed | C399: 330918 | D399: Untitled Activity 5/12/2026, 8:30:59 PM | E399: ab | F399: saved | G399: To Be Confirmed | H399: target | I399: Experience B | J399: Location: 3789090,3787172 | K399: selector | L399: Location 1 - HTML > BODY > SECTION:nth-of-type(1) > DIV:nth-of-type(1) > DIV:nth-of-type(1) > A:nth-of-type(1) | M399: 0 | N399: Offer 2 | O399: To Be Confirmed | P399: Yes - offer template evidence | Q399: No evidence in inventory | R399: No evidence in inventory | S399: N/A - Target reporting source | T399: Yes | U399: Medium | V399: No | W399: Saved/inactive; retain for traceability and select if reactivated or confirmed business-critical. | X399: - | Y399: Not Started | Z399: No shared-location evidence found for this activity.
A400: COV-0396 | B400: To Be Confirmed | C400: 330918 | D400: Untitled Activity 5/12/2026, 8:30:59 PM | E400: ab | F400: saved | G400: To Be Confirmed | H400: target | I400: Experience B | J400: Location: 3789090,3787172 | K400: selector | L400: Location 3 - HTML > BODY > SECTION:nth-of-type(1) > DIV:nth-of-type(1) > DIV:nth-of-type(1) > A:nth-of-type(1) | M400: 0 | N400: Offer 18 | O400: To Be Confirmed | P400: Yes - offer template evidence | Q400: No evidence in inventory | R400: No evidence in inventory | S400: N/A - Target reporting source | T400: Yes | U400: Medium | V400: No | W400: Saved/inactive; retain for traceability and select if reactivated or confirmed business-critical. | X400: - | Y400: Not Started | Z400: No shared-location evidence found for this activity.
A401: COV-0397 | B401: To Be Confirmed | C401: 332625 | D401: Untitled Activity 5/23/2026, 3:43:26 PM | E401: abt | F401: saved | G401: To Be Confirmed | H401: target | I401: - | J401: - | K401: - | L401: - | M401: - | N401: - | O401: To Be Confirmed | P401: No evidence in inventory | Q401: No evidence in inventory | R401: No evidence in inventory | S401: N/A - Target reporting source | T401: No evidence in inventory | U401: Low | V401: No | W401: Saved/inactive; retain for traceability and select if reactivated or confirmed business-critical. | X401: - | Y401: Not Started | Z401: No shared-location evidence found for this activity. Placeholder activity detail row; route, location, and offer require confirmation.
A402: COV-0398 | B402: To Be Confirmed | C402: 332626 | D402: Untitled Activity 5/23/2026, 4:17:28 PM | E402: xt | F402: approved | G402: To Be Confirmed | H402: target | I402: Experience A | J402: Location: 3808031 | K402: selector | L402: Location 1 - HTML > BODY > SECTION:nth-of-type(4) > DIV:nth-of-type(1) > DIV:nth-of-type(1) > H2:nth-of-type(1) | M402: 0 | N402: Offer 2 | O402: To Be Confirmed | P402: Yes - offer template evidence | Q402: No evidence in inventory | R402: No evidence in inventory | S402: N/A - Target reporting source | T402: Yes | U402: High | V402: Yes | W402: Approved/active activity; inventory risk High. | X402: TGT-RND-137 | Y402: Not Started | Z402: No shared-location evidence found for this activity.
A403: COV-0399 | B403: To Be Confirmed | C403: 332626 | D403: Untitled Activity 5/23/2026, 4:17:28 PM | E403: xt | F403: approved | G403: To Be Confirmed | H403: target | I403: Experience B | J403: Experience: 3808030 | Location: 3808031 | K403: selector | L403: Location 1 - HTML > BODY > SECTION:nth-of-type(4) > DIV:nth-of-type(1) > DIV:nth-of-type(1) > H2:nth-of-type(1) | M403: 0 | N403: Offer 3 | O403: To Be Confirmed | P403: Yes - offer template evidence | Q403: No evidence in inventory | R403: No evidence in inventory | S403: N/A - Target reporting source | T403: Yes | U403: High | V403: Yes | W403: Approved/active activity; inventory risk High. | X403: TGT-RND-137 | Y403: Not Started | Z403: No shared-location evidence found for this activity.
A404: COV-0400 | B404: To Be Confirmed | C404: 332626 | D404: Untitled Activity 5/23/2026, 4:17:28 PM | E404: xt | F404: approved | G404: To Be Confirmed | H404: target | I404: Experience C | J404: Experience: 3787172 | Location: 3808031 | K404: selector | L404: Location 1 - HTML > BODY > SECTION:nth-of-type(4) > DIV:nth-of-type(1) > DIV:nth-of-type(1) > H2:nth-of-type(1) | M404: 0 | N404: Offer 4 | O404: To Be Confirmed | P404: Yes - offer template evidence | Q404: No evidence in inventory | R404: No evidence in inventory | S404: N/A - Target reporting source | T404: Yes | U404: High | V404: Yes | W404: Approved/active activity; inventory risk High. | X404: TGT-RND-137 | Y404: Not Started | Z404: No shared-location evidence found for this activity.
A405: COV-0401 | B405: To Be Confirmed | C405: 312955 | D405: Untitled Activity 7/1/2026, 6:21:21 pm | E405: ab | F405: saved | G405: To Be Confirmed | H405: target | I405: Experience A | J405: Location: 3547102 | K405: selector | L405: Location 1 - HEAD | M405: 0 | N405: Default Content | O405: To Be Confirmed | P405: Yes - offer template evidence | Q405: No evidence in inventory | R405: No evidence in inventory | S405: N/A - Target reporting source | T405: Yes | U405: Medium | V405: No | W405: Saved/inactive; retain for traceability and select if reactivated or confirmed business-critical. | X405: - | Y405: Not Started | Z405: Shared-location indicator: up to 8 activity IDs use at least one same-named location.
...

Sheet Test Case Master
A1: Test Case Master
A2: 30 generic migration controls plus 43 activity-specific rows for all approved activities. Replace To Be Confirmed fields before execution and link every failure to a defect.
A4: Test Case ID | B4: Test Scenario | C4: Test Category | D4: Business Group | E4: Activity ID | F4: Activity Name | G4: Experience | H4: Reporting Source | I4: Environment | J4: Page/Route | K4: Preconditions | L4: Test Data | M4: Execution Steps | N4: Expected Target Request | O4: Expected Parameters | P4: Expected Audience Result | Q4: Expected Proposition | R4: Expected Rendering | S4: Expected Reporting | T4: Actual Result | U4: Status | V4: Severity if Failed | W4: Defect ID | X4: Evidence Link | Y4: Tester | Z4: Execution Date | AA4: Retest Status | AB4: Approver | AC4: Comments
A5: TGT-REQ-001 | B5: Web SDK library loads successfully | C5: Target Request | D5: To Be Confirmed | E5: To Be Confirmed | F5: Generic migration control | G5: To Be Confirmed | H5: Target / Analytics as applicable | I5: To Be Confirmed | J5: To Be Confirmed | K5: Migration build deployed; required access, test data, consent state, and identity state are available. | L5: To Be Confirmed | M5: Load the page in a clean profile; inspect network and console; confirm one supported Web SDK instance. | N5: Library loads without error and is available before the intended decision event. | O5: Validate applicable inventory and mapping dependencies. | P5: Validate qualified and non-qualified behavior where applicable. | Q5: Validate the applicable activity and experience identifiers where a decision is expected. | R5: Validate visible rendering only where the scenario produces an experience. | S5: Validate applicable reporting behavior and absence of duplicate calls. | U5: Not Started | AA5: Not Started | AC5: Generic migration test; replace To Be Confirmed fields before execution.
A6: TGT-REQ-002 | B6: Correct datastream is used | C6: Target Request | D6: To Be Confirmed | E6: To Be Confirmed | F6: Generic migration control | G6: To Be Confirmed | H6: Target / Analytics as applicable | I6: To Be Confirmed | J6: To Be Confirmed | K6: Migration build deployed; required access, test data, consent state, and identity state are available. | L6: To Be Confirmed | M6: Trigger the page event; inspect the Edge request and environment metadata; compare with the approved environment matrix. | N6: Request is sent through the approved environment-specific datastream. | O6: Validate applicable inventory and mapping dependencies. | P6: Validate qualified and non-qualified behavior where applicable. | Q6: Validate the applicable activity and experience identifiers where a decision is expected. | R6: Validate visible rendering only where the scenario produces an experience. | S6: Validate applicable reporting behavior and absence of duplicate calls. | U6: Not Started | AA6: Not Started | AC6: Generic migration test; replace To Be Confirmed fields before execution.
A7: TGT-REQ-003 | B7: Initial page-view event is sent once | C7: Target Request | D7: To Be Confirmed | E7: To Be Confirmed | F7: Generic migration control | G7: To Be Confirmed | H7: Target / Analytics as applicable | I7: To Be Confirmed | J7: To Be Confirmed | K7: Migration build deployed; required access, test data, consent state, and identity state are available. | L7: To Be Confirmed | M7: Load the page once; filter Edge and Analytics requests; count the defined initial event and associated Target decision. | N7: Exactly one initial event and one intended decision request are sent. | O7: Validate applicable inventory and mapping dependencies. | P7: Validate qualified and non-qualified behavior where applicable. | Q7: Validate the applicable activity and experience identifiers where a decision is expected. | R7: Validate visible rendering only where the scenario produces an experience. | S7: Validate applicable reporting behavior and absence of duplicate calls. | U7: Not Started | AA7: Not Started | AC7: Generic migration test; replace To Be Confirmed fields before execution.
A8: TGT-SPA-001 | B8: SPA route event is sent once | C8: SPA | D8: To Be Confirmed | E8: To Be Confirmed | F8: Generic migration control | G8: To Be Confirmed | H8: Target / Analytics as applicable | I8: To Be Confirmed | J8: To Be Confirmed | K8: Migration build deployed; required access, test data, consent state, and identity state are available. | L8: To Be Confirmed | M8: Navigate internally to a qualifying route; inspect route context and request count without a full reload. | N8: Exactly one route event is sent with the correct route context. | O8: Validate applicable inventory and mapping dependencies. | P8: Validate qualified and non-qualified behavior where applicable. | Q8: Validate the applicable activity and experience identifiers where a decision is expected. | R8: Exactly one route event is sent with the correct route context. | S8: Validate applicable reporting behavior and absence of duplicate calls. | U8: Not Started | AA8: Not Started | AC8: Generic migration test; replace To Be Confirmed fields before execution.
A9: TGT-PAR-001 | B9: Required mbox parameters are present | C9: Parameter | D9: To Be Confirmed | E9: To Be Confirmed | F9: Generic migration control | G9: To Be Confirmed | H9: Target / Analytics as applicable | I9: To Be Confirmed | J9: To Be Confirmed | K9: Migration build deployed; required access, test data, consent state, and identity state are available. | L9: To Be Confirmed | M9: Use the parameter mapping sheet; inspect the actual Target data in the Edge request. | N9: Validate the request applicable to the scenario; no environment-specific value is available. | O9: Every required mbox parameter has the expected name, value, type, and timing. | P9: Validate qualified and non-qualified behavior where applicable. | Q9: Validate the applicable activity and experience identifiers where a decision is expected. | R9: Validate visible rendering only where the scenario produces an experience. | S9: Validate applicable reporting behavior and absence of duplicate calls. | U9: Not Started | AA9: Not Started | AC9: Generic migration test; replace To Be Confirmed fields before execution.
A10: TGT-PAR-002 | B10: Required profile parameters are present | C10: Parameter | D10: To Be Confirmed | E10: To Be Confirmed | F10: Generic migration control | G10: To Be Confirmed | H10: Target / Analytics as applicable | I10: To Be Confirmed | J10: To Be Confirmed | K10: Migration build deployed; required access, test data, consent state, and identity state are available. | L10: To Be Confirmed | M10: Use a controlled visitor; inspect the request and subsequent qualification behavior. | N10: Validate the request applicable to the scenario; no environment-specific value is available. | O10: Required profile parameters are available before qualification and persist as designed. | P10: Validate qualified and non-qualified behavior where applicable. | Q10: Validate the applicable activity and experience identifiers where a decision is expected. | R10: Validate visible rendering only where the scenario produces an experience. | S10: Validate applicable reporting behavior and absence of duplicate calls. | U10: Not Started | AA10: Not Started | AC10: Generic migration test; replace To Be Confirmed fields before execution.
A11: TGT-PAR-003 | B11: Parameter values match the legacy implementation | C11: Parameter | D11: To Be Confirmed | E11: To Be Confirmed | F11: Generic migration control | G11: To Be Confirmed | H11: Target / Analytics as applicable | I11: To Be Confirmed | J11: To Be Confirmed | K11: Migration build deployed; required access, test data, consent state, and identity state are available. | L11: To Be Confirmed | M11: Execute matched legacy and Web SDK scenarios; compare transmitted values and timing. | N11: Validate the request applicable to the scenario; no environment-specific value is available. | O11: Values match or an approved intentional mapping difference is documented. | P11: Validate qualified and non-qualified behavior where applicable. | Q11: Validate the applicable activity and experience identifiers where a decision is expected. | R11: Validate visible rendering only where the scenario produces an experience. | S11: Validate applicable reporting behavior and absence of duplicate calls. | U11: Not Started | AA11: Not Started | AC11: Generic migration test; replace To Be Confirmed fields before execution.
A12: TGT-IDN-001 | B12: Identity is available before Target decisioning | C12: Identity | D12: To Be Confirmed | E12: To Be Confirmed | F12: Generic migration control | G12: To Be Confirmed | H12: Target / Analytics as applicable | I12: To Be Confirmed | J12: To Be Confirmed | K12: Migration build deployed; required access, test data, consent state, and identity state are available. | L12: To Be Confirmed | M12: Load or authenticate using masked test identity; inspect identityMap and request sequence. | N12: Required identity namespaces are present before dependent decisioning. | O12: Required identity namespaces are present before dependent decisioning. | P12: Validate qualified and non-qualified behavior where applicable. | Q12: Validate the applicable activity and experience identifiers where a decision is expected. | R12: Validate visible rendering only where the scenario produces an experience. | S12: Validate applicable reporting behavior and absence of duplicate calls. | U12: Not Started | AA12: Not Started | AC12: Generic migration test; replace To Be Confirmed fields before execution.
A13: TGT-PRP-001 | B13: Correct activity is returned | C13: Proposition | D13: To Be Confirmed | E13: To Be Confirmed | F13: Generic migration control | G13: To Be Confirmed | H13: Target / Analytics as applicable | I13: To Be Confirmed | J13: To Be Confirmed | K13: Migration build deployed; required access, test data, consent state, and identity state are available. | L13: To Be Confirmed | M13: Meet the selected activity conditions; inspect the returned proposition identifiers. | N13: Validate the request applicable to the scenario; no environment-specific value is available. | O13: Validate applicable inventory and mapping dependencies. | P13: Validate qualified and non-qualified behavior where applicable. | Q13: The expected activity ID is returned for the qualified visitor. | R13: Validate visible rendering only where the scenario produces an experience. | S13: Validate applicable reporting behavior and absence of duplicate calls. | U13: Not Started | AA13: Not Started | AC13: Generic migration test; replace To Be Confirmed fields before execution.
A14: TGT-PRP-002 | B14: Correct experience is returned | C14: Proposition | D14: To Be Confirmed | E14: To Be Confirmed | F14: Generic migration control | G14: To Be Confirmed | H14: Target / Analytics as applicable | I14: To Be Confirmed | J14: To Be Confirmed | K14: Migration build deployed; required access, test data, consent state, and identity state are available. | L14: To Be Confirmed | M14: Force or qualify for the expected experience; inspect response and visible result. | N14: Validate the request applicable to the scenario; no environment-specific value is available. | O14: Validate applicable inventory and mapping dependencies. | P14: Validate qualified and non-qualified behavior where applicable. | Q14: The expected experience is returned and identified separately from the default. | R14: Validate visible rendering only where the scenario produces an experience. | S14: Validate applicable reporting behavior and absence of duplicate calls. | U14: Not Started | AA14: Not Started | AC14: Generic migration test; replace To Be Confirmed fields before execution.
A15: TGT-AUD-001 | B15: Default experience is returned for a non-qualified visitor | C15: Audience | D15: To Be Confirmed | E15: To Be Confirmed | F15: Generic migration control | G15: To Be Confirmed | H15: Target / Analytics as applicable | I15: To Be Confirmed | J15: To Be Confirmed | K15: Migration build deployed; required access, test data, consent state, and identity state are available. | L15: To Be Confirmed | M15: Use negative test data; clear profile state where required; request the decision. | N15: Validate the request applicable to the scenario; no environment-specific value is available. | O15: Validate applicable inventory and mapping dependencies. | P15: Visitor does not receive the personalized experience and receives the configured default/no offer. | Q15: Validate the applicable activity and experience identifiers where a decision is expected. | R15: Validate visible rendering only where the scenario produces an experience. | S15: Validate applicable reporting behavior and absence of duplicate calls. | U15: Not Started | AA15: Not Started | AC15: Generic migration test; replace To Be Confirmed fields before execution.
A16: TGT-AUD-002 | B16: Personalized experience is returned for a qualified visitor | C16: Audience | D16: To Be Confirmed | E16: To Be Confirmed | F16: Generic migration control | G16: To Be Confirmed | H16: Target / Analytics as applicable | I16: To Be Confirmed | J16: To Be Confirmed | K16: Migration build deployed; required access, test data, consent state, and identity state are available. | L16: To Be Confirmed | M16: Use positive test data matching the complete audience rule; request the decision. | N16: Validate the request applicable to the scenario; no environment-specific value is available. | O16: Validate applicable inventory and mapping dependencies. | P16: Visitor qualifies and receives the expected personalized experience. | Q16: Validate the applicable activity and experience identifiers where a decision is expected. | R16: Validate visible rendering only where the scenario produces an experience. | S16: Validate applicable reporting behavior and absence of duplicate calls. | U16: Not Started | AA16: Not Started | AC16: Generic migration test; replace To Be Confirmed fields before execution.
... A34: TGT-PRD-001 | B34: Production smoke test passes | C34: Production Smoke | D34: To Be Confirmed | E34: To Be Confirmed | F34: Generic migration control | G34: To Be Confirmed | H34: Target / Analytics as applicable | I34: To Be Confirmed | J34: To Be Confirmed | K34: Migration build deployed; required access, test data, consent state, and identity state are available. | L34: To Be Confirmed | M34: After release, execute the approved smoke set and validate request, parameters, decision, render, reporting, errors, and duplication. | N34: Validate the request applicable to the scenario; no environment-specific value is available. | O34: Validate applicable inventory and mapping dependencies. | P34: Validate qualified and non-qualified behavior where applicable. | Q34: Validate the applicable activity and experience identifiers where a decision is expected. | R34: Critical production checks pass and monitoring begins with no release-stopping issue. | S34: Critical production checks pass and monitoring begins with no release-stopping issue. | U34: Not Started | AA34: Not Started | AC34: Generic migration test; replace To Be Confirmed fields before execution.
A35: TGT-RND-101 | B35: Activity-specific end-to-end qualification, proposition, rendering, and reporting validation | C35: Rendering | D35: To Be Confirmed | E35: 238801 | F35: [QD Test] XT Experience Demo | G35: Experience A, Experience B, Experience C | H35: target | I35: To Be Confirmed | J35: To Be Confirmed | K35: Approved activity; Target QA URL, route, positive/negative audience data, consent state, and identity state are available. | L35: To Be Confirmed | M35: Open the page/route with positive test data; inspect Web SDK request and Target response; confirm visible offer; execute applicable interaction/conversion; validate reporting; repeat with negative data and on route revisit. | N35: One intended Target decision for location type(s) selector and location(s) Location 0 - HTML > BODY > HEADER:nth-of-type(1) > DIV:nth-of-type(1) > DIV:nth-of-type(1) > DIV:nth-of-type(1) > DIV:nth-of-type(1) > DIV:nth-of-type(1) > IMG:nth-of-type(1), Location 1 - HTML > BODY > NAV:nth-of-type(1) > DIV:nth-of-type(1) > A:nth-of-type(1). | O35: Inventory-linked audience parameters: country, domain, path. Validate exact names, values, types, and timing. | P35: Validate positive and negative qualification for audience ID(s) 2625515, 2625516, 2625532. | Q35: Returned proposition identifies activity 238801 and configured experience(s): Experience A, Experience B, Experience C. | R35: Render configured offer(s) 0 - Offer2, Offer3, Offer4 in location(s) Location 0 - HTML > BODY > HEADER:nth-of-type(1) > DIV:nth-of-type(1) > DIV:nth-of-type(1) > DIV:nth-of-type(1) > DIV:nth-of-type(1) > DIV:nth-of-type(1) > IMG:nth-of-type(1), Location 1 - HTML > BODY > NAV:nth-of-type(1) > DIV:nth-of-type(1) > A:nth-of-type(1) once, without stale or duplicate content. | S35: Validate Target metric(s) MY PRIMARY GOAL; action count_once; location mbox / target-global-mbox; success event mbox_shown. | U35: Not Started | AA35: Not Started | AC35: Inventory-derived planning row. Risk: High. Custom code: Yes - offer template evidence. Shared-location activity count indicator: 3.
A36: TGT-RND-102 | B36: Activity-specific end-to-end qualification, proposition, rendering, and reporting validation | C36: Rendering | D36: To Be Confirmed | E36: 319925 | F36: AB test activity | G36: Experience A, Experience B | H36: target | I36: To Be Confirmed | J36: To Be Confirmed | K36: Approved activity; Target QA URL, route, positive/negative audience data, consent state, and identity state are available. | L36: To Be Confirmed | M36: Open the page/route with positive test data; inspect Web SDK request and Target response; confirm visible offer; execute applicable interaction/conversion; validate reporting; repeat with negative data and on route revisit. | N36: One intended Target decision for location type(s) selector and location(s) Location 1 - HTML > BODY > DIV:nth-of-type(1) > DIV:nth-of-type(1) > DIV:nth-of-type(1) > DIV:nth-of-type(2) > DIV:nth-of-type(1) > DIV:nth-of-type(1) > DIV:nth-of-type(1) > P:nth-of-type(2) > A:nth-of-type(1). | O36: Inventory-linked audience parameters: domain, path. Validate exact names, values, types, and timing. | P36: Validate positive and negative qualification for audience ID(s) 3628737. | Q36: Returned proposition identifies activity 319925 and configured experience(s): Experience A, Experience B. | R36: Render configured offer(s) 0 - Default Content, Offer 2 in location(s) Location 1 - HTML > BODY > DIV:nth-of-type(1) > DIV:nth-of-type(1) > DIV:nth-of-type(1) > DIV:nth-of-type(2) > DIV:nth-of-type(1) > DIV:nth-of-type(1) > DIV:nth-of-type(1) > P:nth-of-type(2) > A:nth-of-type(1) once, without stale or duplicate content. | S36: Validate Target metric(s) ADDITIONAL GOAL 1,ADDITIONAL GOAL 2,MY PRIMARY GOAL; action count_once; location mbox / target-global-mbox1,target-global-mbox; success event mbox_shown. | U36: Not Started | AA36: Not Started | AC36: Inventory-derived planning row. Risk: High. Custom code: Yes - offer template evidence. Shared-location activity count indicator: 2.
A37: TGT-RND-103 | B37: Activity-specific end-to-end qualification, proposition, rendering, and reporting validation | C37: Rendering | D37: To Be Confirmed | E37: 215656 | F37: AEP Accelerator Gender Based View | G37: Experience A, Experience B | H37: target | I37: To Be Confirmed | J37: To Be Confirmed | K37: Approved activity; Target QA URL, route, positive/negative audience data, consent state, and identity state are available. | L37: To Be Confirmed | M37: Open the page/route with positive test data; inspect Web SDK request and Target response; confirm visible offer; execute applicable interaction/conversion; validate reporting; repeat with negative data and on route revisit. | N37: One intended Target decision for location type(s) selector and location(s) Location 0 - HTML > BODY > DIV.container:eq(0) > DIV.root:eq(0) > DIV.aem-Grid:eq(0) > DIV.responsivegrid:eq(0) > DIV.aem-Grid:eq(0) > DIV.we-carousel:eq(0) > DIV.cmp-carousel:eq(0) > DIV.cmp-carousel__content:eq(0) > DIV.cmp-carousel__item:eq(0) > DIV.teaser:eq(0) > DIV.cmp-teaser:eq(0) > DIV.cmp-teaser__content:eq(0) > DIV.cmp-teaser__action-container:eq(0) > A.cmp-teaser__action-link:eq(0), Location 1 - HTML > BODY > DIV.container:eq(0) > DIV.root:eq(0) > DIV.aem-Grid:eq(0) > DIV.responsivegrid:eq(0) > DIV.aem-Grid:eq(0) > DIV.we-carousel:eq(0) > DIV.cmp-carousel:eq(0) > DIV.cmp-carousel__content:eq(0) > DIV.cmp-carousel__item:eq(0) > DIV.teaser:eq(0) > DIV.cmp-teaser:eq(0) > DIV.cmp-teaser__content:eq(0) > DIV.cmp-teaser__action-container:eq(0) > A.cmp-teaser__action-link:eq(0), Location 2 - HTML > BODY > DIV.container:eq(0) > DIV.root:eq(0) > DIV.aem-Grid:eq(0) > DIV.responsivegr.... | O37: Inventory-linked audience parameters: domain, path. Validate exact names, values, types, and timing. | P37: Validate positive and negative qualification for audience ID(s) 2321320, 2321342, 2321343. | Q37: Returned proposition identifies activity 215656 and configured experience(s): Experience A, Experience B. | R37: Render configured offer(s) 0 - Offer2, Offer3, Offer4, Offer5, Offer6, Offer7, Offer8, Offer9 in location(s) Location 0 - HTML > BODY > DIV.container:eq(0) > DIV.root:eq(0) > DIV.aem-Grid:eq(0) > DIV.responsivegrid:eq(0) > DIV.aem-Grid:eq(0) > DIV.we-carousel:eq(0) > DIV.cmp-carousel:eq(0) > DIV.cmp-carousel__content:eq(0) > DIV.cmp-carousel__item:eq(0) > DIV.teaser:eq(0) > DIV.cmp-teaser:eq(0) > DIV.cmp-teaser__content:eq(0) > DIV.cmp-teaser__action-container:eq(0) > A.cmp-teaser__action-link:eq(0), Location 1 - HTML > BODY > DIV.container:eq(0) > DIV.root:eq(0) > DIV.aem-Grid:eq(0) > DIV.responsivegrid:eq(0) > DIV.aem-Grid:eq(0) > DIV.we-carousel:eq(0) > DIV.cmp-carousel:eq(0) > DIV.cmp-carousel__content:eq(0) > DIV.cmp-carousel__item:eq(0) > DIV.teaser:eq(0) > DIV.cmp-teaser:eq(0) > DIV.cmp-teaser__content:eq(0) > DIV.cmp-teaser__action-container:eq(0) > A.cmp-teaser__action-link:eq(0), Location 2 - HTML > BODY > DIV.container:eq(0) > DIV.root:eq(0) > DIV.aem-Grid:eq(0) > DIV.responsivegr... once, without stale or duplicate content. | S37: Validate Target metric(s) MY PRIMARY GOAL; action count_once; location - / -; success event -. | U37: Not Started | AA37: Not Started | AC37: Inventory-derived planning row. Risk: High. Custom code: Yes - offer template evidence. Shared-location activity count indicator: 1.
A38: TGT-RND-104 | B38: Activity-specific end-to-end qualification, proposition, rendering, and reporting validation | C38: Rendering | D38: To Be Confirmed | E38: 319918 | F38: AP Test activity | G38: - | H38: target | I38: To Be Confirmed | J38: To Be Confirmed | K38: Approved activity; Target QA URL, route, positive/negative audience data, consent state, and identity state are available. | L38: To Be Confirmed | M38: Open the page/route with positive test data; inspect Web SDK request and Target response; confirm visible offer; execute applicable interaction/conversion; validate reporting; repeat with negative data and on route revisit. | N38: One intended Target decision for location type(s) - and location(s) -. | O38: No meaningful parameter name resolved from the inventory; complete parameter discovery before execution. | P38: Validate configured activity/default qualification; audience detail is To Be Confirmed. | Q38: Returned proposition identifies activity 319918 and configured experience(s): -. | R38: Render configured offer(s) - - - in location(s) - once, without stale or duplicate content. | S38: Validate Target metric(s) -; action -; location - / -; success event -. | U38: Not Started | AA38: Not Started | AC38: Inventory-derived planning row. Risk: Medium. Custom code: No evidence in inventory. Shared-location activity count indicator: 1.
A39: TGT-RND-105 | B39: Activity-specific end-to-end qualification, proposition, rendering, and reporting validation | C39: Rendering | D39: To Be Confirmed | E39: 276577 | F39: blogger A/B test | G39: Experience A, Experience B | H39: target | I39: To Be Confirmed | J39: To Be Confirmed | K39: Approved activity; Target QA URL, route, positive/negative audience data, consent state, and identity state are available. | L39: To Be Confirmed | M39: Open the page/route with positive test data; inspect Web SDK request and Target response; confirm visible offer; execute applicable interaction/conversion; validate reporting; repeat with negative data and on route revisit. | N39: One intended Target decision for location type(s) selector and location(s) Location 0 - HTML > BODY > DIV:nth-of-type(1) > DIV:nth-of-type(1) > DIV:nth-of-type(1) > HEADER:nth-of-type(1) > DIV:nth-of-type(1) > DIV:nth-of-type(2) > DIV:nth-of-type(1) > DIV:nth-of-type(1) > DIV:nth-of-type(1) > DIV:nth-of-type(1) > H1:nth-of-type(1). | O39: Inventory-linked audience parameters: domain, path, url. Validate exact names, values, types, and timing. | P39: Validate positive and negative qualification for audience ID(s) 3113043. | Q39: Returned proposition identifies activity 276577 and configured experience(s): Experience A, Experience B. | R39: Render configured offer(s) 0 - Offer2, Offer3 in location(s) Location 0 - HTML > BODY > DIV:nth-of-type(1) > DIV:nth-of-type(1) > DIV:nth-of-type(1) > HEADER:nth-of-type(1) > DIV:nth-of-type(1) > DIV:nth-of-type(2) > DIV:nth-of-type(1) > DIV:nth-of-type(1) > DIV:nth-of-type(1) > DIV:nth-of-type(1) > H1:nth-of-type(1) once, without stale or duplicate content. | S39: Validate Target metric(s) MY PRIMARY GOAL; action count_once; location mbox / target-global-mbox; success event mbox_shown. | U39: Not Started | AA39: Not Started | AC39: Inventory-derived planning row. Risk: High. Custom code: Yes - offer template evidence. Shared-location activity count indicator: 1.
A40: TGT-RND-106 | B40: Activity-specific end-to-end qualification, proposition, rendering, and reporting validation | C40: Rendering | D40: To Be Confirmed | E40: 320308 | F40: CAP Test 3 | G40: Experience A | H40: target | I40: To Be Confirmed | J40: To Be Confirmed | K40: Approved activity; Target QA URL, route, positive/negative audience data, consent state, and identity state are available. | L40: To Be Confirmed | M40: Open the page/route with positive test data; inspect Web SDK request and Target response; confirm visible offer; execute applicable interaction/conversion; validate reporting; repeat with negative data and on route revisit. | N40: One intended Target decision for location type(s) mbox and location(s) target-global-mbox. | O40: No meaningful parameter name resolved from the inventory; complete parameter discovery before execution. | P40: Validate configured activity/default qualification; audience detail is To Be Confirmed. | Q40: Returned proposition identifies activity 320308 and configured experience(s): Experience A. | R40: Render configured offer(s) 851447 - CAP Gender Personalization in location(s) target-global-mbox once, without stale or duplicate content. | S40: Validate Target metric(s) MY PRIMARY GOAL; action count_once; location mbox / target-global-mbox; success event mbox_shown. | U40: Not Started | AA40: Not Started | AC40: Inventory-derived planning row. Risk: High. Custom code: Yes - script evidence. Shared-location activity count indicator: 11.
A41: TGT-RND-107 | B41: Activity-specific end-to-end qualification, proposition, rendering, and reporting validation | C41: Rendering | D41: To Be Confirmed | E41: 315721 | F41: CDP offline Audience POC | G41: Experience A, Experience B, Experience C, Experience D, Experience E | H41: target | I41: To Be Confirmed | J41: To Be Confirmed | K41: Approved activity; Target QA URL, route, positive/negative audience data, consent state, and identity state are available. | L41: To Be Confirmed | M41: Open the page/route with positive test data; inspect Web SDK request and Target response; confirm visible offer; execute applicable interaction/conversion; validate reporting; repeat with negative data and on route revisit. | N41: One intended Target decision for location type(s) selector and location(s) Location 1 - HTML > BODY > DIV:nth-of-type(1) > DIV:nth-of-type(1) > DIV:nth-of-type(3), Location 10 - HTML > BODY > DIV:nth-of-type(1) > DIV:nth-of-type(1) > DIV:nth-of-type(8), Location 15 - HTML > BODY > DIV:nth-of-type(1) > DIV:nth-of-type(1) > DIV:nth-of-type(6), Location 21 - HTML > BODY > DIV:nth-of-type(1) > DIV:nth-of-type(1) > DIV:nth-of-type(7), Location 28 - HTML > BODY > DIV:nth-of-type(1) > DIV:nth-of-type(1) > DIV:nth-of-type(5), Location 3 - HTML > BODY > DIV:nth-of-type(1) > DIV:nth-of-type(1) > DIV:nth-of-type(2), Location 36 - HTML > BODY > DIV:nth-of-type(1) > DIV:nth-of-type(1) > DIV:nth-of-type(1) > H3:nth-of-type(1), Location 45 - HTML > BODY > DIV:nth-of-type(1) > DIV:nth-of-type(1) > DIV:nth-of-type(1) > P:nth-of-type(1), Location 46 - HEAD, Location 47 - HTML > BODY > HEADER:nth-of-type(1), Location 6 - HTML > BODY > DIV:nth-of-type(1) > DIV:nth-of-type(1) >.... | O41: Inventory-linked audience parameters: domain, path. Validate exact names, values, types, and timing. | P41: Validate positive and negative qualification for audience ID(s) 3579933, 3579967, 3590354, 3590357, 3592993. | Q41: Returned proposition identifies activity 315721 and configured experience(s): Experience A, Experience B, Experience C, Experience D, Experience E. | R41: Render configured offer(s) 0 - Default Content, Offer 11, Offer 16, Offer 2, Offer 22, Offer 29, Offer 37, Offer 4, Offer 46, Offer 47, Offer 48, Offer 50, Offer 52, Offer 7 in location(s) Location 1 - HTML > BODY > DIV:nth-of-type(1) > DIV:nth-of-type(1) > DIV:nth-of-type(3), Location 10 - HTML > BODY > DIV:nth-of-type(1) > DIV:nth-of-type(1) > DIV:nth-of-type(8), Location 15 - HTML > BODY > DIV:nth-of-type(1) > DIV:nth-of-type(1) > DIV:nth-of-type(6), Location 21 - HTML > BODY > DIV:nth-of-type(1) > DIV:nth-of-type(1) > DIV:nth-of-type(7), Location 28 - HTML > BODY > DIV:nth-of-type(1) > DIV:nth-of-type(1) > DIV:nth-of-type(5), Location 3 - HTML > BODY > DIV:nth-of-type(1) > DIV:nth-of-type(1) > DIV:nth-of-type(2), Location 36 - HTML > BODY > DIV:nth-of-type(1) > DIV:nth-of-type(1) > DIV:nth-of-type(1) > H3:nth-of-type(1), Location 45 - HTML > BODY > DIV:nth-of-type(1) > DIV:nth-of-type(1) > DIV:nth-of-type(1) > P:nth-of-type(1), Location 46 - HEAD, Location 47 - HTML > BODY > HEADER:nth-of-type(1), Location 6 - HTML > BODY > DIV:nth-of-type(1) > DIV:nth-of-type(1) >... once, without stale or duplicate content. | S41: Validate Target metric(s) MY PRIMARY GOAL; action count_once; location mbox / target-global-mbox; success event mbox_shown. | U41: Not Started | AA41: Not Started | AC41: Inventory-derived planning row. Risk: High. Custom code: Yes - offer template evidence. Shared-location activity count indicator: 1.
A42: TGT-RND-108 | B42: Activity-specific end-to-end qualification, proposition, rendering, and reporting validation | C42: Rendering | D42: To Be Confirmed | E42: 273952 | F42: DEMO_BSC | G42: Experience A, Experience B | H42: target | I42: To Be Confirmed | J42: To Be Confirmed | K42: Approved activity; Target QA URL, route, positive/negative audience data, consent state, and identity state are available. | L42: To Be Confirmed | M42: Open the page/route with positive test data; inspect Web SDK request and Target response; confirm visible offer; execute applicable interaction/conversion; validate reporting; repeat with negative data and on route revisit. | N42: One intended Target decision for location type(s) selector and location(s) Location 0 - HTML > BODY > MAIN:nth-of-type(1) > DIV:nth-of-type(1) > DIV:nth-of-type(1) > DIV:nth-of-type(1) > DIV:nth-of-type(1) > DIV:nth-of-type(1) > P:nth-of-type(1) > H1:nth-of-type(1). | O42: Inventory-linked audience parameters: domain, path, profile. Validate exact names, values, types, and timing. | P42: Validate positive and negative qualification for audience ID(s) 3077294, 3077299. | Q42: Returned proposition identifies activity 273952 and configured experience(s): Experience A, Experience B. | R42: Render configured offer(s) 0 - Offer2 in location(s) Location 0 - HTML > BODY > MAIN:nth-of-type(1) > DIV:nth-of-type(1) > DIV:nth-of-type(1) > DIV:nth-of-type(1) > DIV:nth-of-type(1) > DIV:nth-of-type(1) > P:nth-of-type(1) > H1:nth-of-type(1) once, without stale or duplicate content. | S42: Validate Target metric(s) MY PRIMARY GOAL; action count_once; location mbox / target-global-mbox; success event mbox_shown. | U42: Not Started | AA42: Not Started | AC42: Inventory-derived planning row. Risk: High. Custom code: Yes - offer template evidence. Shared-location activity count indicator: 1.
A43: TGT-RND-109 | B43: Activity-specific end-to-end qualification, proposition, rendering, and reporting validation | C43: Rendering | D43: To Be Confirmed | E43: 297212 | F43: GAQ Demo | G43: Experience A, Experience B | H43: target | I43: To Be Confirmed | J43: To Be Confirmed | K43: Approved activity; Target QA URL, route, positive/negative audience data, consent state, and identity state are available. | L43: To Be Confirmed | M43: Open the page/route with positive test data; inspect Web SDK request and Target response; confirm visible offer; execute applicable interaction/conversion; validate reporting; repeat with negative data and on route revisit. | N43: One intended Target decision for location type(s) selector and location(s) Location 1 - HEAD. | O43: Inventory-linked audience parameters: domain, path. Validate exact names, values, types, and timing. | P43: Validate positive and negative qualification for audience ID(s) 3366129. | Q43: Returned proposition identifies activity 297212 and configured experience(s): Experience A, Experience B. | R43: Render configured offer(s) 0 - Default Content, Offer 41 in location(s) Location 1 - HEAD once, without stale or duplicate content. | S43: Validate Target metric(s) MY PRIMARY GOAL; action count_once; location mbox / target-global-mbox; success event mbox_shown. | U43: Not Started | AA43: Not Started | AC43: Inventory-derived planning row. Risk: High. Custom code: Yes - offer template evidence. Shared-location activity count indicator: 8.
A44: TGT-RND-110 | B44: Activity-specific end-to-end qualification, proposition, rendering, and reporting validation | C44: Rendering | D44: To Be Confirmed | E44: 300954 | F44: hybid_offer | G44: Experience A, Experience B | H44: target | I44: To Be Confirmed | J44: To Be Confirmed | K44: Approved activity; Target QA URL, route, positive/negative audience data, consent state, and identity state are available. | L44: To Be Confirmed | M44: Open the page/route with positive test data; inspect Web SDK request and Target response; confirm visible offer; execute applicable interaction/conversion; validate reporting; repeat with negative data and on route revisit. | N44: One intended Target decision for location type(s) mbox and location(s) target-ew-mbox. | O44: Inventory-linked audience parameters: zip. Validate exact names, values, types, and timing. | P44: Validate positive and negative qualification for audience ID(s) 3327195, 3327196. | Q44: Returned proposition identifies activity 300954 and configured experience(s): Experience A, Experience B. | R44: Render configured offer(s) 820844, 820845 - Chicago_region_offer, skokie_region_offer in location(s) target-ew-mbox once, without stale or duplicate content. | S44: Validate Target metric(s) MY PRIMARY GOAL; action count_once; location mbox / target-ew-mbox,target-global-mbox; success event mbox_shown. | U44: Not Started | AA44: Not Started | AC44: Inventory-derived planning row. Risk: High. Custom code: Yes - script evidence. Shared-location activity count indicator: 7.
A45: TGT-RND-111 | B45: Activity-specific end-to-end qualification, proposition, rendering, and reporting validation | C45: Rendering | D45: To Be Confirmed | E45: 234366 | F45: Internal Campaign Slider - Slide 2 Experience | G45: Experience A, Experience B | H45: target | I45: To Be Confirmed | J45: To Be Confirmed | K45: Approved activity; Target QA URL, route, positive/negative audience data, consent state, and identity state are available. | L45: To Be Confirmed | M45: Open the page/route with positive test data; inspect Web SDK request and Target response; confirm visible offer; execute applicable interaction/conversion; validate reporting; repeat with negative data and on route revisit. | N45: One intended Target decision for location type(s) selector and location(s) Location 0 - HTML > BODY > DIV:nth-of-type(3) > DIV:nth-of-type(1) > DIV:nth-of-type(2) > DIV:nth-of-type(1) > DIV:nth-of-type(2) > H1:nth-of-type(1), Location 1 - HTML > BODY > DIV:nth-of-type(3) > DIV:nth-of-type(1) > DIV:nth-of-type(2) > DIV:nth-of-type(1) > DIV:nth-of-type(2) > P:nth-of-type(1). | O45: Inventory-linked audience parameters: domain, path, url. Validate exact names, values, types, and timing. | P45: Validate positive and negative qualification for audience ID(s) 2567148. | Q45: Returned proposition identifies activity 234366 and configured experience(s): Experience A, Experience B. | R45: Render configured offer(s) 0 - Offer2, Offer3 in location(s) Location 0 - HTML > BODY > DIV:nth-of-type(3) > DIV:nth-of-type(1) > DIV:nth-of-type(2) > DIV:nth-of-type(1) > DIV:nth-of-type(2) > H1:nth-of-type(1), Location 1 - HTML > BODY > DIV:nth-of-type(3) > DIV:nth-of-type(1) > DIV:nth-of-type(2) > DIV:nth-of-type(1) > DIV:nth-of-type(2) > P:nth-of-type(1) once, without stale or duplicate content. | S45: Validate Target metric(s) MY PRIMARY GOAL; action count_once; location mbox / target-global-mbox; success event mbox_shown. | U45: Not Started | AA45: Not Started | AC45: Inventory-derived planning row. Risk: High. Custom code: Yes - offer template evidence. Shared-location activity count indicator: 1.
A46: TGT-RND-112 | B46: Activity-specific end-to-end qualification, proposition, rendering, and reporting validation | C46: Rendering | D46: To Be Confirmed | E46: 293981 | F46: local_activity_1 | G46: GAQ, SATD | H46: target | I46: To Be Confirmed | J46: To Be Confirmed | K46: Approved activity; Target QA URL, route, positive/negative audience data, consent state, and identity state are available. | L46: To Be Confirmed | M46: Open the page/route with positive test data; inspect Web SDK request and Target response; confirm visible offer; execute applicable interaction/conversion; validate reporting; repeat with negative data and on route revisit. | N46: One intended Target decision for location type(s) selector and location(s) Location 2 - BODY > *:eq(0). | O46: Inventory-linked audience parameters: domain, path, region, url. Validate exact names, values, types, and timing. | P46: Validate positive and negative qualification for audience ID(s) 3331104, 3331549. | Q46: Returned proposition identifies activity 293981 and configured experience(s): GAQ, SATD. | R46: Render configured offer(s) 0 - Default Content, Offer 5 in location(s) Location 2 - BODY > *:eq(0) once, without stale or duplicate content. | S46: Validate Target metric(s) MY PRIMARY GOAL; action count_once; location mbox / target-global-mbox; success event mbox_shown. | U46: Not Started | AA46: Not Started | AC46: Inventory-derived planning row. Risk: High. Custom code: Yes - offer template evidence. Shared-location activity count indicator: 1.
... A77: TGT-RND-143 | B77: Activity-specific end-to-end qualification, proposition, rendering, and reporting validation | C77: Rendering | D77: To Be Confirmed | E77: 319331 | F77: WEB SDK POC Subm | G77: Experience A | H77: target | I77: To Be Confirmed | J77: To Be Confirmed | K77: Approved activity; Target QA URL, route, positive/negative audience data, consent state, and identity state are available. | L77: To Be Confirmed | M77: Open the page/route with positive test data; inspect Web SDK request and Target response; confirm visible offer; execute applicable interaction/conversion; validate reporting; repeat with negative data and on route revisit. | N77: One intended Target decision for location type(s) selector and location(s) Location 1 - HTML > BODY > DIV:nth-of-type(1) > DIV:nth-of-type(1) > DIV:nth-of-type(1) > DIV:nth-of-type(2) > DIV:nth-of-type(1) > DIV:nth-of-type(1) > DIV:nth-of-type(1) > STRONG:nth-of-type(1), Location 10 - HTML > BODY > DIV:nth-of-type(1) > DIV:nth-of-type(1) > DIV:nth-of-type(1) > DIV:nth-of-type(2) > DIV:nth-of-type(1) > DIV:nth-of-type(1) > DIV:nth-of-type(1) > STRONG:nth-of-type(1), Location 3 - HTML > BODY > DIV:nth-of-type(1) > DIV:nth-of-type(1) > DIV:nth-of-type(1) > DIV:nth-of-type(3) > DIV:nth-of-type(1) > DIV:nth-of-type(8) > DIV:nth-of-type(1) > H2:nth-of-type(1), Location 6 - HTML > BODY > DIV:nth-of-type(1) > DIV:nth-of-type(1) > DIV:nth-of-type(1) > DIV:nth-of-type(3) > DIV:nth-of-type(1) > DIV:nth-of-type(8) > DIV:nth-of-type(1) > H2:nth-of-type(1). | O77: Inventory-linked audience parameters: domain, path. Validate exact names, values, types, and timing. | P77: Validate positive and negative qualification for audience ID(s) 3621252. | Q77: Returned proposition identifies activity 319331 and configured experience(s): Experience A. | R77: Render configured offer(s) 0 - Offer 25, Offer 39, Offer 42, Offer 50 in location(s) Location 1 - HTML > BODY > DIV:nth-of-type(1) > DIV:nth-of-type(1) > DIV:nth-of-type(1) > DIV:nth-of-type(2) > DIV:nth-of-type(1) > DIV:nth-of-type(1) > DIV:nth-of-type(1) > STRONG:nth-of-type(1), Location 10 - HTML > BODY > DIV:nth-of-type(1) > DIV:nth-of-type(1) > DIV:nth-of-type(1) > DIV:nth-of-type(2) > DIV:nth-of-type(1) > DIV:nth-of-type(1) > DIV:nth-of-type(1) > STRONG:nth-of-type(1), Location 3 - HTML > BODY > DIV:nth-of-type(1) > DIV:nth-of-type(1) > DIV:nth-of-type(1) > DIV:nth-of-type(3) > DIV:nth-of-type(1) > DIV:nth-of-type(8) > DIV:nth-of-type(1) > H2:nth-of-type(1), Location 6 - HTML > BODY > DIV:nth-of-type(1) > DIV:nth-of-type(1) > DIV:nth-of-type(1) > DIV:nth-of-type(3) > DIV:nth-of-type(1) > DIV:nth-of-type(8) > DIV:nth-of-type(1) > H2:nth-of-type(1) once, without stale or duplicate content. | S77: Validate Target metric(s) MY PRIMARY GOAL; action count_once; location mbox / target-global-mbox; success event mbox_shown. | U77: Not Started | AA77: Not Started | AC77: Inventory-derived planning row. Risk: High. Custom code: Yes - offer template evidence. Shared-location activity count indicator: 2.

Sheet Parameter Mapping & Validation
A1: Parameter Mapping & Validation
A2: Derived from meaningful audience rule conditions for approved activities. Confirm future data-layer source, Web SDK location, type, timing, and actual transmitted value.
A4: Mapping ID | B4: Business Group | C4: Activity ID | D4: Activity Name | E4: Page/Route | F4: Parameter Type | G4: Parameter Name | H4: Legacy Source | I4: Future Data Layer Source | J4: Expected Web SDK Location | K4: Expected Data Type | L4: Expected Value Example | M4: Required for Audience | N4: Required for Rendering | O4: Required for Reporting | P4: Availability Timing | Q4: Actual Request Value | R4: Legacy vs Web SDK Match | S4: Status | T4: Evidence | U4: Owner | V4: Comments
A5: PAR-0001 | B5: To Be Confirmed | C5: 238801 | D5: [QD Test] XT Experience Demo | E5: To Be Confirmed | F5: Page Context | G5: domain | H5: Target audience rule | I5: To Be Confirmed | J5: To Be Confirmed | K5: To Be Confirmed | L5: experience.metricks.ca | M5: Yes | N5: To Be Confirmed | O5: To Be Confirmed | P5: Before Target decision request | R5: Not Tested | S5: Not Started | U5: Adobe implementation team | V5: Audience 2625516; level Location; rule path targetRule.and[0]; parent operator AND.
A6: PAR-0002 | B6: To Be Confirmed | C6: 238801 | D6: [QD Test] XT Experience Demo | E6: To Be Confirmed | F6: Page Context | G6: path | H6: Target audience rule | I6: To Be Confirmed | J6: To Be Confirmed | K6: To Be Confirmed | L6: / | M6: Yes | N6: To Be Confirmed | O6: To Be Confirmed | P6: Before Target decision request | R6: Not Tested | S6: Not Started | U6: Adobe implementation team | V6: Audience 2625516; level Location; rule path targetRule.and[1]; parent operator AND.
A7: PAR-0003 | B7: To Be Confirmed | C7: 238801 | D7: [QD Test] XT Experience Demo | E7: To Be Confirmed | F7: Other | G7: country | H7: Target audience rule | I7: To Be Confirmed | J7: To Be Confirmed | K7: To Be Confirmed | L7: canada | M7: Yes | N7: To Be Confirmed | O7: To Be Confirmed | P7: Before Target decision request | R7: Not Tested | S7: Not Started | U7: Adobe implementation team | V7: Audience 2625532; level Experience; rule path targetRule; parent operator UNKNOWN.
A8: PAR-0004 | B8: To Be Confirmed | C8: 319925 | D8: AB test activity | E8: To Be Confirmed | F8: Page Context | G8: domain | H8: Target audience rule | I8: To Be Confirmed | J8: To Be Confirmed | K8: To Be Confirmed | L8: luma.enablementadobe.com | M8: Yes | N8: To Be Confirmed | O8: To Be Confirmed | P8: Before Target decision request | R8: Not Tested | S8: Not Started | U8: Adobe implementation team | V8: Audience 3628737; level Location; rule path targetRule.and[0]; parent operator AND.
A9: PAR-0005 | B9: To Be Confirmed | C9: 319925 | D9: AB test activity | E9: To Be Confirmed | F9: Page Context | G9: path | H9: Target audience rule | I9: To Be Confirmed | J9: To Be Confirmed | K9: To Be Confirmed | L9: /content/luma/us/en.html,/content/luma/us/en.html/ | M9: Yes | N9: To Be Confirmed | O9: To Be Confirmed | P9: Before Target decision request | R9: Not Tested | S9: Not Started | U9: Adobe implementation team | V9: Audience 3628737; level Location; rule path targetRule.and[1]; parent operator AND.
A10: PAR-0006 | B10: To Be Confirmed | C10: 215656 | D10: AEP Accelerator Gender Based View | E10: To Be Confirmed | F10: Page Context | G10: domain | H10: Target audience rule | I10: To Be Confirmed | J10: To Be Confirmed | K10: To Be Confirmed | L10: wkwztldvxgmvp07 | M10: Yes | N10: To Be Confirmed | O10: To Be Confirmed | P10: Before Target decision request | R10: Not Tested | S10: Not Started | U10: Adobe implementation team | V10: Audience 2321320; level Location; rule path targetRule.and[0]; parent operator AND.
A11: PAR-0007 | B11: To Be Confirmed | C11: 215656 | D11: AEP Accelerator Gender Based View | E11: To Be Confirmed | F11: Page Context | G11: path | H11: Target audience rule | I11: To Be Confirmed | J11: To Be Confirmed | K11: To Be Confirmed | L11: /content/we-retail/us/en.html/,/content/we-retail/us/en.html | M11: Yes | N11: To Be Confirmed | O11: To Be Confirmed | P11: Before Target decision request | R11: Not Tested | S11: Not Started | U11: Adobe implementation team | V11: Audience 2321320; level Location; rule path targetRule.and[1]; parent operator AND.
A12: PAR-0008 | B12: To Be Confirmed | C12: 319918 | D12: AP Test activity | E12: To Be Confirmed | F12: Other | G12: To Be Confirmed | H12: To Be Confirmed | I12: To Be Confirmed | J12: To Be Confirmed | K12: To Be Confirmed | L12: To Be Confirmed | M12: To Be Confirmed | N12: To Be Confirmed | O12: To Be Confirmed | P12: Before Target decision request | R12: Not Tested | S12: Not Started | U12: Adobe implementation team | V12: No experience/location audience condition was resolved for this approved activity; complete parameter discovery before execution.
A13: PAR-0009 | B13: To Be Confirmed | C13: 276577 | D13: blogger A/B test | E13: To Be Confirmed | F13: Page Context | G13: domain | H13: Target audience rule | I13: To Be Confirmed | J13: To Be Confirmed | K13: To Be Confirmed | L13: practiceblogweb.blogspot.com | M13: Yes | N13: To Be Confirmed | O13: To Be Confirmed | P13: Before Target decision request | R13: Not Tested | S13: Not Started | U13: Adobe implementation team | V13: Audience 3113043; level Location; rule path targetRule.or[0].and[0]; parent operator AND.
A14: PAR-0010 | B14: To Be Confirmed | C14: 276577 | D14: blogger A/B test | E14: To Be Confirmed | F14: Page Context | G14: path | H14: Target audience rule | I14: To Be Confirmed | J14: To Be Confirmed | K14: To Be Confirmed | L14: / | M14: Yes | N14: To Be Confirmed | O14: To Be Confirmed | P14: Before Target decision request | R14: Not Tested | S14: Not Started | U14: Adobe implementation team | V14: Audience 3113043; level Location; rule path targetRule.or[0].and[1]; parent operator AND.
A15: PAR-0011 | B15: To Be Confirmed | C15: 276577 | D15: blogger A/B test | E15: To Be Confirmed | F15: Page Context | G15: url | H15: Target audience rule | I15: To Be Confirmed | J15: To Be Confirmed | K15: To Be Confirmed | L15: practiceblogweb.blogspot.com | M15: Yes | N15: To Be Confirmed | O15: To Be Confirmed | P15: Before Target decision request | R15: Not Tested | S15: Not Started | U15: Adobe implementation team | V15: Audience 3113043; level Location; rule path targetRule.or[1]; parent operator OR.
A16: PAR-0012 | B16: To Be Confirmed | C16: 320308 | D16: CAP Test 3 | E16: To Be Confirmed | F16: Other | G16: To Be Confirmed | H16: To Be Confirmed | I16: To Be Confirmed | J16: To Be Confirmed | K16: To Be Confirmed | L16: To Be Confirmed | M16: To Be Confirmed | N16: To Be Confirmed | O16: To Be Confirmed | P16: Before Target decision request | R16: Not Tested | S16: Not Started | U16: Adobe implementation team | V16: No experience/location audience condition was resolved for this approved activity; complete parameter discovery before execution.
... A47: PAR-0043 | B47: To Be Confirmed | C47: 292589 | D47: okta.com test2 | E47: To Be Confirmed | F47: Page Context | G47: url | H47: Target audience rule | I47: To Be Confirmed | J47: To Be Confirmed | K47: To Be Confirmed | L47: www.okta.com | M47: Yes | N47: To Be Confirmed | O47: To Be Confirmed | P47: Before Target decision request | R47: Not Tested | S47: Not Started | U47: Adobe implementation team | V47: Audience 3315731; level Location; rule path targetRule.or[1]; parent operator OR.
A48: PAR-0044 | B48: To Be Confirmed | C48: 292589 | D48: okta.com test2 | E48: To Be Confirmed | F48: Profile Parameter | G48: user.oktaTesting | H48: Target audience rule | I48: To Be Confirmed | J48: To Be Confirmed | K48: To Be Confirmed | L48: TRUE | M48: Yes | N48: To Be Confirmed | O48: To Be Confirmed | P48: Before Target decision request | R48: Not Tested | S48: Not Started | U48: Adobe implementation team | V48: Audience 3318542; level Location; rule path targetRule; parent operator UNKNOWN.
A49: PAR-0045 | B49: To Be Confirmed | C49: 245616 | D49: Oliver TGA AB Test | E49: To Be Confirmed | F49: Page Context | G49: domain | H49: Target audience rule | I49: To Be Confirmed | J49: To Be Confirmed | K49: To Be Confirmed | L49: publish-p100070-e1109583.adobeaemcloud.com | M49: Yes | N49: To Be Confirmed | O49: To Be Confirmed | P49: Before Target decision request | R49: Not Tested | S49: Not Started | U49: Adobe implementation team | V49: Audience 2717218; level Location; rule path targetRule.and[0]; parent operator AND.
A50: PAR-0046 | B50: To Be Confirmed | C50: 245616 | D50: Oliver TGA AB Test | E50: To Be Confirmed | F50: Page Context | G50: path | H50: Target audience rule | I50: To Be Confirmed | J50: To Be Confirmed | K50: To Be Confirmed | L50: /content/opsmt/us/en.men.html/,/content/opsmt/us/en.men.html | M50: Yes | N50: To Be Confirmed | O50: To Be Confirmed | P50: Before Target decision request | R50: Not Tested | S50: Not Started | U50: Adobe implementation team | V50: Audience 2717218; level Location; rule path targetRule.and[1]; parent operator AND.
A51: PAR-0047 | B51: To Be Confirmed | C51: 258825 | D51: Oliver TGA Final Target | E51: To Be Confirmed | F51: Page Context | G51: domain | H51: Target audience rule | I51: To Be Confirmed | J51: To Be Confirmed | K51: To Be Confirmed | L51: publish-p100070-e1109583.adobeaemcloud.com | M51: Yes | N51: To Be Confirmed | O51: To Be Confirmed | P51: Before Target decision request | R51: Not Tested | S51: Not Started | U51: Adobe implementation team | V51: Audience 2887171; level Location; rule path targetRule.and[0]; parent operator AND.
A52: PAR-0048 | B52: To Be Confirmed | C52: 258825 | D52: Oliver TGA Final Target | E52: To Be Confirmed | F52: Page Context | G52: path | H52: Target audience rule | I52: To Be Confirmed | J52: To Be Confirmed | K52: To Be Confirmed | L52: /content/opsmt/us/en/index.kids.html/,/content/opsmt/us/en/index.kids.html | M52: Yes | N52: To Be Confirmed | O52: To Be Confirmed | P52: Before Target decision request | R52: Not Tested | S52: Not Started | U52: Adobe implementation team | V52: Audience 2887171; level Location; rule path targetRule.and[1]; parent operator AND.
A53: PAR-0049 | B53: To Be Confirmed | C53: 280257 | D53: Pranjal - XT | E53: To Be Confirmed | F53: Mbox Parameter | G53: visitorType | H53: Target audience rule | I53: To Be Confirmed | J53: To Be Confirmed | K53: To Be Confirmed | L53: To Be Confirmed | M53: Yes | N53: To Be Confirmed | O53: To Be Confirmed | P53: Before Target decision request | R53: Not Tested | S53: Not Started | U53: Adobe implementation team | V53: Audience 3158903; level Location; rule path targetRule; parent operator UNKNOWN.
A54: PAR-0050 | B54: To Be Confirmed | C54: 290338 | D54: rec luma ecommerce naln2 Category | E54: To Be Confirmed | F54: Other | G54: To Be Confirmed | H54: To Be Confirmed | I54: To Be Confirmed | J54: To Be Confirmed | K54: To Be Confirmed | L54: To Be Confirmed | M54: To Be Confirmed | N54: To Be Confirmed | O54: To Be Confirmed | P54: Before Target decision request | R54: Not Tested | S54: Not Started | U54: Adobe implementation team | V54: No experience/location audience condition was resolved for this approved activity; complete parameter discovery before execution.
A55: PAR-0051 | B55: To Be Confirmed | C55: 292626 | D55: saket_Highly Advance | E55: To Be Confirmed | F55: Profile Parameter | G55: user.Saket_segmentUserByPropensity | H55: Target audience rule | I55: To Be Confirmed | J55: To Be Confirmed | K55: To Be Confirmed | L55: Highly Engaged | M55: Yes | N55: To Be Confirmed | O55: To Be Confirmed | P55: Before Target decision request | R55: Not Tested | S55: Not Started | U55: Adobe implementation team | V55: Audience 3316020; level Experience; rule path targetRule.and[0]; parent operator AND.
A56: PAR-0052 | B56: To Be Confirmed | C56: 292626 | D56: saket_Highly Advance | E56: To Be Confirmed | F56: Other | G56: region | H56: Target audience rule | I56: To Be Confirmed | J56: To Be Confirmed | K56: To Be Confirmed | L56: texas | M56: Yes | N56: To Be Confirmed | O56: To Be Confirmed | P56: Before Target decision request | R56: Not Tested | S56: Not Started | U56: Adobe implementation team | V56: Audience 3316020; level Experience; rule path targetRule.and[1]; parent operator AND.
A57: PAR-0053 | B57: To Be Confirmed | C57: 292626 | D57: saket_Highly Advance | E57: To Be Confirmed | F57: Page Context | G57: url | H57: Target audience rule | I57: To Be Confirmed | J57: To Be Confirmed | K57: To Be Confirmed | L57: model-compare | M57: Yes | N57: To Be Confirmed | O57: To Be Confirmed | P57: Before Target decision request | R57: Not Tested | S57: Not Started | U57: Adobe implementation team | V57: Audience 3316020; level Experience; rule path targetRule.and[2]; parent operator AND.
A58: PAR-0054 | B58: To Be Confirmed | C58: 292626 | D58: saket_Highly Advance | E58: To Be Confirmed | F58: Profile Parameter | G58: test | H58: Target audience rule | I58: To Be Confirmed | J58: To Be Confirmed | K58: To Be Confirmed | L58: Compass | M58: Yes | N58: To Be Confirmed | O58: To Be Confirmed | P58: Before Target decision request | R58: Not Tested | S58: Not Started | U58: Adobe implementation team | V58: Audience 3316020; level Experience; rule path targetRule.and[3]; parent operator AND.
A59: PAR-0055 | B59: To Be Confirmed | C59: 292626 | D59: saket_Highly Advance | E59: To Be Confirmed | F59: Page Context | G59: domain | H59: Target audience rule | I59: To Be Confirmed | J59: To Be Confirmed | K59: To Be Confirmed | L59: www.okta.com | M59: Yes | N59: To Be Confirmed | O59: To Be Confirmed | P59: Before Target decision request | R59: Not Tested | S59: Not Started | U59: Adobe implementation team | V59: Audience 3316078; level Location; rule path targetRule.and[0]; parent operator AND.
A60: PAR-0056 | B60: To Be Confirmed | C60: 292626 | D60: saket_Highly Advance | E60: To Be Confirmed | F60: Page Context | G60: path | H60: Target audience rule | I60: To Be Confirmed | J60: To Be Confirmed | K60: To Be Confirmed | L60: / | M60: Yes | N60: To Be Confirmed | O60: To Be Confirmed | P60: Before Target decision request | R60: Not Tested | S60: Not Started | U60: Adobe implementation team | V60: Audience 3316078; level Location; rule path targetRule.and[1]; parent operator AND.
... A66: PAR-0062 | B66: To Be Confirmed | C66: 319335 | D66: Subm WEB SDK POC SOlutions | E66: To Be Confirmed | F66: Page Context | G66: path | H66: Target audience rule | I66: To Be Confirmed | J66: To Be Confirmed | K66: To Be Confirmed | L66: /virtual-consultation-us-en-v4.html,/virtual-consultation-us-en-v4.html/ | M66: Yes | N66: To Be Confirmed | O66: To Be Confirmed | P66: Before Target decision request | R66: Not Tested | S66: Not Started | U66: Adobe implementation team | V66: Audience 3621317; level Location; rule path targetRule.and[1]; parent operator AND.
A67: PAR-0063 | B67: To Be Confirmed | C67: 319335 | D67: Subm WEB SDK POC SOlutions | E67: To Be Confirmed | F67: Page Context | G67: {"parameter":"websdk"} | H67: Target audience rule | I67: To Be Confirmed | J67: To Be Confirmed | K67: To Be Confirmed | L67: TRUE | M67: Yes | N67: To Be Confirmed | O67: To Be Confirmed | P67: Before Target decision request | R67: Not Tested | S67: Not Started | U67: Adobe implementation team | V67: Audience 3621317; level Location; rule path targetRule.and[2]; parent operator AND.
A68: PAR-0064 | B68: To Be Confirmed | C68: 215655 | D68: Target Test | E68: To Be Confirmed | F68: Page Context | G68: domain | H68: Target audience rule | I68: To Be Confirmed | J68: To Be Confirmed | K68: To Be Confirmed | L68: wkwztldvxgmvp07 | M68: Yes | N68: To Be Confirmed | O68: To Be Confirmed | P68: Before Target decision request | R68: Not Tested | S68: Not Started | U68: Adobe implementation team | V68: Audience 2321319; level Location; rule path targetRule.and[0]; parent operator AND.
A69: PAR-0065 | B69: To Be Confirmed | C69: 215655 | D69: Target Test | E69: To Be Confirmed | F69: Page Context | G69: path | H69: Target audience rule | I69: To Be Confirmed | J69: To Be Confirmed | K69: To Be Confirmed | L69: /content/we-retail/us/en.html/,/content/we-retail/us/en.html | M69: Yes | N69: To Be Confirmed | O69: To Be Confirmed | P69: Before Target decision request | R69: Not Tested | S69: Not Started | U69: Adobe implementation team | V69: Audience 2321319; level Location; rule path targetRule.and[1]; parent operator AND.
A70: PAR-0066 | B70: To Be Confirmed | C70: 319957 | D70: Test 2 - AB | E70: To Be Confirmed | F70: Page Context | G70: domain | H70: Target audience rule | I70: To Be Confirmed | J70: To Be Confirmed | K70: To Be Confirmed | L70: meghamehtagmail.github.io | M70: Yes | N70: To Be Confirmed | O70: To Be Confirmed | P70: Before Target decision request | R70: Not Tested | S70: Not Started | U70: Adobe implementation team | V70: Audience 3629157; level Location; rule path targetRule.and[0]; parent operator AND.
A71: PAR-0067 | B71: To Be Confirmed | C71: 319957 | D71: Test 2 - AB | E71: To Be Confirmed | F71: Page Context | G71: path | H71: Target audience rule | I71: To Be Confirmed | J71: To Be Confirmed | K71: To Be Confirmed | L71: /malabarGold/hexashop-1.0.0/index.html,/malabarGold/hexashop-1.0.0/index.html/ | M71: Yes | N71: To Be Confirmed | O71: To Be Confirmed | P71: Before Target decision request | R71: Not Tested | S71: Not Started | U71: Adobe implementation team | V71: Audience 3629157; level Location; rule path targetRule.and[1]; parent operator AND.
A72: PAR-0068 | B72: To Be Confirmed | C72: 315940 | D72: test activity - workspace and property | E72: To Be Confirmed | F72: Page Context | G72: domain | H72: Target audience rule | I72: To Be Confirmed | J72: To Be Confirmed | K72: To Be Confirmed | L72: meghamehtagmail.github.io | M72: Yes | N72: To Be Confirmed | O72: To Be Confirmed | P72: Before Target decision request | R72: Not Tested | S72: Not Started | U72: Adobe implementation team | V72: Audience 3582113; level Location; rule path targetRule.and[0]; parent operator AND.
A73: PAR-0069 | B73: To Be Confirmed | C73: 315940 | D73: test activity - workspace and property | E73: To Be Confirmed | F73: Page Context | G73: path | H73: Target audience rule | I73: To Be Confirmed | J73: To Be Confirmed | K73: To Be Confirmed | L73: /malabarGold/hexashop-1.0.0/index.html,/malabarGold/hexashop-1.0.0/index.html/ | M73: Yes | N73: To Be Confirmed | O73: To Be Confirmed | P73: Before Target decision request | R73: Not Tested | S73: Not Started | U73: Adobe implementation team | V73: Audience 3582113; level Location; rule path targetRule.and[1]; parent operator AND.
A74: PAR-0070 | B74: To Be Confirmed | C74: 282625 | D74: Test CRM Membership | AY | E74: To Be Confirmed | F74: Page Context | G74: domain | H74: Target audience rule | I74: To Be Confirmed | J74: To Be Confirmed | K74: To Be Confirmed | L74: localhost | M74: Yes | N74: To Be Confirmed | O74: To Be Confirmed | P74: Before Target decision request | R74: Not Tested | S74: Not Started | U74: Adobe implementation team | V74: Audience 3186083; level Location; rule path targetRule.or[0].and[0]; parent operator AND.
A75: PAR-0071 | B75: To Be Confirmed | C75: 282625 | D75: Test CRM Membership | AY | E75: To Be Confirmed | F75: Page Context | G75: path | H75: Target audience rule | I75: To Be Confirmed | J75: To Be Confirmed | K75: To Be Confirmed | L75: /index.html/,/index.html | M75: Yes | N75: To Be Confirmed | O75: To Be Confirmed | P75: Before Target decision request | R75: Not Tested | S75: Not Started | U75: Adobe implementation team | V75: Audience 3186083; level Location; rule path targetRule.or[0].and[1]; parent operator AND.
A76: PAR-0072 | B76: To Be Confirmed | C76: 282625 | D76: Test CRM Membership | AY | E76: To Be Confirmed | F76: Page Context | G76: url | H76: Target audience rule | I76: To Be Confirmed | J76: To Be Confirmed | K76: To Be Confirmed | L76: http://localhost:5500/contentDetails.html?3 | M76: Yes | N76: To Be Confirmed | O76: To Be Confirmed | P76: Before Target decision request | R76: Not Tested | S76: Not Started | U76: Adobe implementation team | V76: Audience 3186083; level Location; rule path targetRule.or[1]; parent operator OR.
A77: PAR-0073 | B77: To Be Confirmed | C77: 332726 | D77: Test Experiment for API | E77: To Be Confirmed | F77: Other | G77: To Be Confirmed | H77: To Be Confirmed | I77: To Be Confirmed | J77: To Be Confirmed | K77: To Be Confirmed | L77: To Be Confirmed | M77: To Be Confirmed | N77: To Be Confirmed | O77: To Be Confirmed | P77: Before Target decision request | R77: Not Tested | S77: Not Started | U77: Adobe implementation team | V77: No experience/location audience condition was resolved for this approved activity; complete parameter discovery before execution.
A78: PAR-0074 | B78: To Be Confirmed | C78: 319734 | D78: Test Luma | E78: To Be Confirmed | F78: Page Context | G78: domain | H78: Target audience rule | I78: To Be Confirmed | J78: To Be Confirmed | K78: To Be Confirmed | L78: luma.enablementadobe.com | M78: Yes | N78: To Be Confirmed | O78: To Be Confirmed | P78: Before Target decision request | R78: Not Tested | S78: Not Started | U78: Adobe implementation team | V78: Audience 3625608; level Location; rule path targetRule.and[0]; parent operator AND.
A79: PAR-0075 | B79: To Be Confirmed | C79: 319734 | D79: Test Luma | E79: To Be Confirmed | F79: Page Context | G79: path | H79: Target audience rule | I79: To Be Confirmed | J79: To Be Confirmed | K79: To Be Confirmed | L79: /content/luma/us/en.html,/content/luma/us/en.html/ | M79: Yes | N79: To Be Confirmed | O79: To Be Confirmed | P79: Before Target decision request | R79: Not Tested | S79: Not Started | U79: Adobe implementation team | V79: Audience 3625608; level Location; rule path targetRule.and[1]; parent operator AND.
... A108: PAR-0104 | B108: To Be Confirmed | C108: 319331 | D108: WEB SDK POC Subm | E108: To Be Confirmed | F108: Page Context | G108: path | H108: Target audience rule | I108: To Be Confirmed | J108: To Be Confirmed | K108: To Be Confirmed | L108: /content/luma/us/en.html,/content/luma/us/en.html/ | M108: Yes | N108: To Be Confirmed | O108: To Be Confirmed | P108: Before Target decision request | R108: Not Tested | S108: Not Started | U108: Adobe implementation team | V108: Audience 3621252; level Location; rule path targetRule.and[1]; parent operator AND.

Sheet Audience & Profile Validation
A1: Audience & Profile Validation
A2: Inventory-linked experience and location audiences. Parent operators and rule paths are preserved in comments; supply controlled positive and negative test data before execution.
A4: Validation ID | B4: Activity ID | C4: Activity Name | D4: Audience ID | E4: Audience Name | F4: Audience Level | G4: Rule/Condition | H4: Source Parameter | I4: Match Operator | J4: Expected Value | K4: Profile Script Dependency | L4: Positive Test Data | M4: Negative Test Data | N4: Expected Positive Result | O4: Expected Negative Result | P4: Actual Positive Result | Q4: Actual Negative Result | R4: Status | S4: Evidence | T4: Comments
A5: AUD-0001 | B5: 238801 | C5: [QD Test] XT Experience Demo | D5: 2625515 | E5: Returning Visitor | F5: Experience | G5: To Be Confirmed | H5: To Be Confirmed | I5: To Be Confirmed | J5: To Be Confirmed | K5: To Be Confirmed | L5: To Be Confirmed | M5: To Be Confirmed | N5: Qualified visitor receives the expected configured experience. | O5: Non-qualified visitor receives the configured default, alternative, or no personalized experience. | R5: Not Started | T5: Audience is referenced by the activity but no meaningful condition row was available in the reviewed inventory.
A6: AUD-0002 | B6: 238801 | C6: [QD Test] XT Experience Demo | D6: 2625516 | E6: template_Id_1 | F6: Location | G6: page domain equals experience.metricks.ca | H6: domain | I6: equals | J6: experience.metricks.ca | K6: No evidence in this condition | L6: To Be Confirmed | M6: To Be Confirmed | N6: Qualified visitor satisfies the complete rule and receives the expected configured experience. | O6: Visitor failing this condition does not receive the personalized experience unless another valid rule path qualifies. | R6: Not Started | T6: Rule path targetRule.and[0]; depth 1; parent operator AND.
A7: AUD-0003 | B7: 238801 | C7: [QD Test] XT Experience Demo | D7: 2625516 | E7: template_Id_1 | F7: Location | G7: page path equals / | H7: path | I7: equals | J7: / | K7: No evidence in this condition | L7: To Be Confirmed | M7: To Be Confirmed | N7: Qualified visitor satisfies the complete rule and receives the expected configured experience. | O7: Visitor failing this condition does not receive the personalized experience unless another valid rule path qualifies. | R7: Not Started | T7: Rule path targetRule.and[1]; depth 1; parent operator AND.
A8: AUD-0004 | B8: 238801 | C8: [QD Test] XT Experience Demo | D8: 2625532 | E8: Visitors from Canada | F8: Experience | G8: geo country matches canada | H8: country | I8: matches | J8: canada | K8: No evidence in this condition | L8: To Be Confirmed | M8: To Be Confirmed | N8: Qualified visitor satisfies the complete rule and receives the expected configured experience. | O8: Visitor failing this condition does not receive the personalized experience unless another valid rule path qualifies. | R8: Not Started | T8: Rule path targetRule; depth 0; parent operator UNKNOWN.
A9: AUD-0005 | B9: 319925 | C9: AB test activity | D9: 3628737 | E9: Default Page | F9: Location | G9: page domain equals luma.enablementadobe.com | H9: domain | I9: equals | J9: luma.enablementadobe.com | K9: No evidence in this condition | L9: To Be Confirmed | M9: To Be Confirmed | N9: Qualified visitor satisfies the complete rule and receives the expected configured experience. | O9: Visitor failing this condition does not receive the personalized experience unless another valid rule path qualifies. | R9: Not Started | T9: Rule path targetRule.and[0]; depth 1; parent operator AND.
A10: AUD-0006 | B10: 319925 | C10: AB test activity | D10: 3628737 | E10: Default Page | F10: Location | G10: page path equals /content/luma/us/en.html,/content/luma/us/en.html/ | H10: path | I10: equals | J10: /content/luma/us/en.html,/content/luma/us/en.html/ | K10: No evidence in this condition | L10: To Be Confirmed | M10: To Be Confirmed | N10: Qualified visitor satisfies the complete rule and receives the expected configured experience. | O10: Visitor failing this condition does not receive the personalized experience unless another valid rule path qualifies. | R10: Not Started | T10: Rule path targetRule.and[1]; depth 1; parent operator AND.
A11: AUD-0007 | B11: 215656 | C11: AEP Accelerator Gender Based View | D11: 2321320 | E11: template_Id_1 | F11: Location | G11: page domain equals wkwztldvxgmvp07 | H11: domain | I11: equals | J11: wkwztldvxgmvp07 | K11: No evidence in this condition | L11: To Be Confirmed | M11: To Be Confirmed | N11: Qualified visitor satisfies the complete rule and receives the expected configured experience. | O11: Visitor failing this condition does not receive the personalized experience unless another valid rule path qualifies. | R11: Not Started | T11: Rule path targetRule.and[0]; depth 1; parent operator AND.
A12: AUD-0008 | B12: 215656 | C12: AEP Accelerator Gender Based View | D12: 2321320 | E12: template_Id_1 | F12: Location | G12: page path equals /content/we-retail/us/en.html/,/content/we-retail/us/en.html | H12: path | I12: equals | J12: /content/we-retail/us/en.html/,/content/we-retail/us/en.html | K12: No evidence in this condition | L12: To Be Confirmed | M12: To Be Confirmed | N12: Qualified visitor satisfies the complete rule and receives the expected configured experience. | O12: Visitor failing this condition does not receive the personalized experience unless another valid rule path qualifies. | R12: Not Started | T12: Rule path targetRule.and[1]; depth 1; parent operator AND.
A13: AUD-0009 | B13: 215656 | C13: AEP Accelerator Gender Based View | D13: 2321342 | E13: AEP Accelerator - Gender=Female | F13: Experience | G13: To Be Confirmed | H13: To Be Confirmed | I13: To Be Confirmed | J13: To Be Confirmed | K13: To Be Confirmed | L13: To Be Confirmed | M13: To Be Confirmed | N13: Qualified visitor receives the expected configured experience. | O13: Non-qualified visitor receives the configured default, alternative, or no personalized experience. | R13: Not Started | T13: Audience is referenced by the activity but no meaningful condition row was available in the reviewed inventory.
A14: AUD-0010 | B14: 215656 | C14: AEP Accelerator Gender Based View | D14: 2321343 | E14: AEP Accelerator - Gender=Male | F14: Experience | G14: To Be Confirmed | H14: To Be Confirmed | I14: To Be Confirmed | J14: To Be Confirmed | K14: To Be Confirmed | L14: To Be Confirmed | M14: To Be Confirmed | N14: Qualified visitor receives the expected configured experience. | O14: Non-qualified visitor receives the configured default, alternative, or no personalized experience. | R14: Not Started | T14: Audience is referenced by the activity but no meaningful condition row was available in the reviewed inventory.
A15: AUD-0011 | B15: 319918 | C15: AP Test activity | D15: To Be Confirmed | E15: To Be Confirmed | F15: Activity | G15: To Be Confirmed | H15: To Be Confirmed | I15: To Be Confirmed | J15: To Be Confirmed | K15: To Be Confirmed | L15: To Be Confirmed | M15: To Be Confirmed | N15: Qualified visitor receives the expected configured experience. | O15: Non-qualified visitor receives the configured default, alternative, or no personalized experience. | R15: Not Started | T15: No audience reference was resolved from the activity-detail mapping; confirm activity-level/default qualification.
A16: AUD-0012 | B16: 276577 | C16: blogger A/B test | D16: 3113043 | E16: Default Page | F16: Location | G16: page domain equals practiceblogweb.blogspot.com | H16: domain | I16: equals | J16: practiceblogweb.blogspot.com | K16: No evidence in this condition | L16: To Be Confirmed | M16: To Be Confirmed | N16: Qualified visitor satisfies the complete rule and receives the expected configured experience. | O16: Visitor failing this condition does not receive the personalized experience unless another valid rule path qualifies. | R16: Not Started | T16: Rule path targetRule.or[0].and[0]; depth 2; parent operator AND.
A17: AUD-0013 | B17: 276577 | C17: blogger A/B test | D17: 3113043 | E17: Default Page | F17: Location | G17: page path equals / | H17: path | I17: equals | J17: / | K17: No evidence in this condition | L17: To Be Confirmed | M17: To Be Confirmed | N17: Qualified visitor satisfies the complete rule and receives the expected configured experience. | O17: Visitor failing this condition does not receive the personalized experience unless another valid rule path qualifies. | R17: Not Started | T17: Rule path targetRule.or[0].and[1]; depth 2; parent operator AND.
A18: AUD-0014 | B18: 276577 | C18: blogger A/B test | D18: 3113043 | E18: Default Page | F18: Location | G18: page url containsIgnoreCase practiceblogweb.blogspot.com | H18: url | I18: containsIgnoreCase | J18: practiceblogweb.blogspot.com | K18: No evidence in this condition | L18: To Be Confirmed | M18: To Be Confirmed | N18: Qualified visitor satisfies the complete rule and receives the expected configured experience. | O18: Visitor failing this condition does not receive the personalized experience unless another valid rule path qualifies. | R18: Not Started | T18: Rule path targetRule.or[1]; depth 1; parent operator OR.
A19: AUD-0015 | B19: 320308 | C19: CAP Test 3 | D19: To Be Confirmed | E19: To Be Confirmed | F19: Activity | G19: To Be Confirmed | H19: To Be Confirmed | I19: To Be Confirmed | J19: To Be Confirmed | K19: To Be Confirmed | L19: To Be Confirmed | M19: To Be Confirmed | N19: Qualified visitor receives the expected configured experience. | O19: Non-qualified visitor receives the configured default, alternative, or no personalized experience. | R19: Not Started | T19: No audience reference was resolved from the activity-detail mapping; confirm activity-level/default qualification.
A20: AUD-0016 | B20: 315721 | C20: CDP offline Audience POC | D20: 3579933 | E20: product 1 purchased | F20: Experience | G20: To Be Confirmed | H20: To Be Confirmed | I20: To Be Confirmed | J20: To Be Confirmed | K20: To Be Confirmed | L20: To Be Confirmed | M20: To Be Confirmed | N20: Qualified visitor receives the expected configured experience. | O20: Non-qualified visitor receives the configured default, alternative, or no personalized experience. | R20: Not Started | T20: Audience is referenced by the activity but no meaningful condition row was available in the reviewed inventory.
A21: AUD-0017 | B21: 315721 | C21: CDP offline Audience POC | D21: 3579967 | E21: Default Page | F21: Location | G21: page domain equals meghamehtagmail.github.io | H21: domain | I21: equals | J21: meghamehtagmail.github.io | K21: No evidence in this condition | L21: To Be Confirmed | M21: To Be Confirmed | N21: Qualified visitor satisfies the complete rule and receives the expected configured experience. | O21: Visitor failing this condition does not receive the personalized experience unless another valid rule path qualifies. | R21: Not Started | T21: Rule path targetRule.and[0]; depth 1; parent operator AND.
A22: AUD-0018 | B22: 315721 | C22: CDP offline Audience POC | D22: 3579967 | E22: Default Page | F22: Location | G22: page path equals /malabarGold/hexashop-1.0.0/index.html,/malabarGold/hexashop-1.0.0/index.html/ | H22: path | I22: equals | J22: /malabarGold/hexashop-1.0.0/index.html,/malabarGold/hexashop-1.0.0/index.html/ | K22: No evidence in this condition | L22: To Be Confirmed | M22: To Be Confirmed | N22: Qualified visitor satisfies the complete rule and receives the expected configured experience. | O22: Visitor failing this condition does not receive the personalized experience unless another valid rule path qualifies. | R22: Not Started | T22: Rule path targetRule.and[1]; depth 1; parent operator AND.
A23: AUD-0019 | B23: 315721 | C23: CDP offline Audience POC | D23: 3590354 | E23: ecommerce - purchase | F23: Experience | G23: To Be Confirmed | H23: To Be Confirmed | I23: To Be Confirmed | J23: To Be Confirmed | K23: To Be Confirmed | L23: To Be Confirmed | M23: To Be Confirmed | N23: Qualified visitor receives the expected configured experience. | O23: Non-qualified visitor receives the configured default, alternative, or no personalized experience. | R23: Not Started | T23: Audience is referenced by the activity but no meaningful condition row was available in the reviewed inventory.
A24: AUD-0020 | B24: 315721 | C24: CDP offline Audience POC | D24: 3590357 | E24: ecommerce - event - audience | F24: Experience | G24: To Be Confirmed | H24: To Be Confirmed | I24: To Be Confirmed | J24: To Be Confirmed | K24: To Be Confirmed | L24: To Be Confirmed | M24: To Be Confirmed | N24: Qualified visitor receives the expected configured experience. | O24: Non-qualified visitor receives the configured default, alternative, or no personalized experience. | R24: Not Started | T24: Audience is referenced by the activity but no meaningful condition row was available in the reviewed inventory.
A25: AUD-0021 | B25: 315721 | C25: CDP offline Audience POC | D25: 3592993 | E25: ecommerce - Edge audience | F25: Experience | G25: To Be Confirmed | H25: To Be Confirmed | I25: To Be Confirmed | J25: To Be Confirmed | K25: To Be Confirmed | L25: To Be Confirmed | M25: To Be Confirmed | N25: Qualified visitor receives the expected configured experience. | O25: Non-qualified visitor receives the configured default, alternative, or no personalized experience. | R25: Not Started | T25: Audience is referenced by the activity but no meaningful condition row was available in the reviewed inventory.
A26: AUD-0022 | B26: 273952 | C26: DEMO_BSC | D26: 3077294 | E26: Default Page | F26: Location | G26: page domain equals main--eca-target--perwezshaikhps.aem.live | H26: domain | I26: equals | J26: main--eca-target--perwezshaikhps.aem.live | K26: No evidence in this condition | L26: To Be Confirmed | M26: To Be Confirmed | N26: Qualified visitor satisfies the complete rule and receives the expected configured experience. | O26: Visitor failing this condition does not receive the personalized experience unless another valid rule path qualifies. | R26: Not Started | T26: Rule path targetRule.and[0]; depth 1; parent operator AND.
A27: AUD-0023 | B27: 273952 | C27: DEMO_BSC | D27: 3077294 | E27: Default Page | F27: Location | G27: page path equals / | H27: path | I27: equals | J27: / | K27: No evidence in this condition | L27: To Be Confirmed | M27: To Be Confirmed | N27: Qualified visitor satisfies the complete rule and receives the expected configured experience. | O27: Visitor failing this condition does not receive the personalized experience unless another valid rule path qualifies. | R27: Not Started | T27: Rule path targetRule.and[1]; depth 1; parent operator AND.
A28: AUD-0024 | B28: 273952 | C28: DEMO_BSC | D28: 3077299 | E28: my demo audience | F28: Location | G28: mbox profile unknown | H28: profile | I28: unknown | K28: No evidence in this condition | L28: To Be Confirmed | M28: To Be Confirmed | N28: Qualified visitor satisfies the complete rule and receives the expected configured experience. | O28: Visitor failing this condition does not receive the personalized experience unless another valid rule path qualifies. | R28: Not Started | T28: Rule path targetRule; depth 0; parent operator UNKNOWN.
A29: AUD-0025 | B29: 297212 | C29: GAQ Demo | D29: 3366129 | E29: Default Page | F29: Location | G29: page domain equals www.jeep.com | H29: domain | I29: equals | J29: www.jeep.com | K29: No evidence in this condition | L29: To Be Confirmed | M29: To Be Confirmed | N29: Qualified visitor satisfies the complete rule and receives the expected configured experience. | O29: Visitor failing this condition does not receive the personalized experience unless another valid rule path qualifies. | R29: Not Started | T29: Rule path targetRule.and[0]; depth 1; parent operator AND.
A30: AUD-0026 | B30: 297212 | C30: GAQ Demo | D30: 3366129 | E30: Default Page | F30: Location | G30: page path equals / | H30: path | I30: equals | J30: / | K30: No evidence in this condition | L30: To Be Confirmed | M30: To Be Confirmed | N30: Qualified visitor satisfies the complete rule and receives the expected configured experience. | O30: Visitor failing this condition does not receive the personalized experience unless another valid rule path qualifies. | R30: Not Started | T30: Rule path targetRule.and[1]; depth 1; parent operator AND.
A31: AUD-0027 | B31: 300954 | C31: hybid_offer | D31: 3327195 | E31: SkokieEWUser | F31: Experience | G31: geo zip unknown | H31: zip | I31: unknown | K31: No evidence in this condition | L31: To Be Confirmed | M31: To Be Confirmed | N31: Qualified visitor satisfies the complete rule and receives the expected configured experience. | O31: Visitor failing this condition does not receive the personalized experience unless another valid rule path qualifies. | R31: Not Started | T31: Rule path targetRule.or[0]; depth 1; parent operator OR.
A32: AUD-0028 | B32: 300954 | C32: hybid_offer | D32: 3327195 | E32: SkokieEWUser | F32: Experience | G32: mbox zip unknown | H32: zip | I32: unknown | K32: No evidence in this condition | L32: To Be Confirmed | M32: To Be Confirmed | N32: Qualified visitor satisfies the complete rule and receives the expected configured experience. | O32: Visitor failing this condition does not receive the personalized experience unless another valid rule path qualifies. | R32: Not Started | T32: Rule path targetRule.or[1]; depth 1; parent operator OR.
A33: AUD-0029 | B33: 300954 | C33: hybid_offer | D33: 3327196 | E33: ChicagoEWUser | F33: Experience | G33: geo zip unknown | H33: zip | I33: unknown | K33: No evidence in this condition | L33: To Be Confirmed | M33: To Be Confirmed | N33: Qualified visitor satisfies the complete rule and receives the expected configured experience. | O33: Visitor failing this condition does not receive the personalized experience unless another valid rule path qualifies. | R33: Not Started | T33: Rule path targetRule.or[0]; depth 1; parent operator OR.
A34: AUD-0030 | B34: 300954 | C34: hybid_offer | D34: 3327196 | E34: ChicagoEWUser | F34: Experience | G34: mbox zip unknown | H34: zip | I34: unknown | K34: No evidence in this condition | L34: To Be Confirmed | M34: To Be Confirmed | N34: Qualified visitor satisfies the complete rule and receives the expected configured experience. | O34: Visitor failing this condition does not receive the personalized experience unless another valid rule path qualifies. | R34: Not Started | T34: Rule path targetRule.or[1]; depth 1; parent operator OR.
A35: AUD-0031 | B35: 234366 | C35: Internal Campaign Slider - Slide 2 Experience | D35: 2567148 | E35: template_Id_1 | F35: Location | G35: page domain equals gs.metricks.ca | H35: domain | I35: equals | J35: gs.metricks.ca | K35: No evidence in this condition | L35: To Be Confirmed | M35: To Be Confirmed | N35: Qualified visitor satisfies the complete rule and receives the expected configured experience. | O35: Visitor failing this condition does not receive the personalized experience unless another valid rule path qualifies. | R35: Not Started | T35: Rule path targetRule.or[0].and[0]; depth 2; parent operator AND.
A36: AUD-0032 | B36: 234366 | C36: Internal Campaign Slider - Slide 2 Experience | D36: 2567148 | E36: template_Id_1 | F36: Location | G36: page path equals /demo/icampaign.html/,/demo/icampaign.html | H36: path | I36: equals | J36: /demo/icampaign.html/,/demo/icampaign.html | K36: No evidence in this condition | L36: To Be Confirmed | M36: To Be Confirmed | N36: Qualified visitor satisfies the complete rule and receives the expected configured experience. | O36: Visitor failing this condition does not receive the personalized experience unless another valid rule path qualifies. | R36: Not Started | T36: Rule path targetRule.or[0].and[1]; depth 2; parent operator AND.
A37: AUD-0033 | B37: 234366 | C37: Internal Campaign Slider - Slide 2 Experience | D37: 2567148 | E37: template_Id_1 | F37: Location | G37: page url unknown | H37: url | I37: unknown | K37: No evidence in this condition | L37: To Be Confirmed | M37: To Be Confirmed | N37: Qualified visitor satisfies the complete rule and receives the expected configured experience. | O37: Visitor failing this condition does not receive the personalized experience unless another valid rule path qualifies. | R37: Not Started | T37: Rule path targetRule.or[1]; depth 1; parent operator OR.
A38: AUD-0034 | B38: 293981 | C38: local_activity_1 | D38: 3331104 | E38: Default Page | F38: Location | G38: page domain equals localhost | H38: domain | I38: equals | J38: localhost | K38: No evidence in this condition | L38: To Be Confirmed | M38: To Be Confirmed | N38: Qualified visitor satisfies the complete rule and receives the expected configured experience. | O38: Visitor failing this condition does not receive the personalized experience unless another valid rule path qualifies. | R38: Not Started | T38: Rule path targetRule.or[0].and[0]; depth 2; parent operator AND.
A39: AUD-0035 | B39: 293981 | C39: local_activity_1 | D39: 3331104 | E39: Default Page | F39: Location | G39: page path equals / | H39: path | I39: equals | J39: / | K39: No evidence in this condition | L39: To Be Confirmed | M39: To Be Confirmed | N39: Qualified visitor satisfies the complete rule and receives the expected configured experience. | O39: Visitor failing this condition does not receive the personalized experience unless another valid rule path qualifies. | R39: Not Started | T39: Rule path targetRule.or[0].and[1]; depth 2; parent operator AND.
A40: AUD-0036 | B40: 293981 | C40: local_activity_1 | D40: 3331104 | E40: Default Page | F40: Location | G40: page url containsIgnoreCase localhost | H40: url | I40: containsIgnoreCase | J40: localhost | K40: No evidence in this condition | L40: To Be Confirmed | M40: To Be Confirmed | N40: Qualified visitor satisfies the complete rule and receives the expected configured experience. | O40: Visitor failing this condition does not receive the personalized experience unless another valid rule path qualifies. | R40: Not Started | T40: Rule path targetRule.or[1]; depth 1; parent operator OR.
A41: AUD-0037 | B41: 293981 | C41: local_activity_1 | D41: 3331549 | E41: GAQ_Audience | F41: Location | G41: geo region matches texas | H41: region | I41: matches | J41: texas | K41: No evidence in this condition | L41: To Be Confirmed | M41: To Be Confirmed | N41: Qualified visitor satisfies the complete rule and receives the expected configured experience. | O41: Visitor failing this condition does not receive the personalized experience unless another valid rule path qualifies. | R41: Not Started | T41: Rule path targetRule.and[0]; depth 1; parent operator AND.
A42: AUD-0038 | B42: 293981 | C42: local_activity_1 | D42: 3331549 | E42: GAQ_Audience | F42: Location | G42: page path containsIgnoreCase payment-calculator | H42: path | I42: containsIgnoreCase | J42: payment-calculator | K42: No evidence in this condition | L42: To Be Confirmed | M42: To Be Confirmed | N42: Qualified visitor satisfies the complete rule and receives the expected configured experience. | O42: Visitor failing this condition does not receive the personalized experience unless another valid rule path qualifies. | R42: Not Started | T42: Rule path targetRule.and[1]; depth 1; parent operator AND.
A43: AUD-0039 | B43: 293981 | C43: local_activity_1 | D43: 3331549 | E43: GAQ_Audience | F43: Location | G43: unknown path containsIgnoreCase gladiator | H43: path | I43: containsIgnoreCase | J43: gladiator | K43: No evidence in this condition | L43: To Be Confirmed | M43: To Be Confirmed | N43: Qualified visitor satisfies the complete rule and receives the expected configured experience. | O43: Visitor failing this condition does not receive the personalized experience unless another valid rule path qualifies. | R43: Not Started | T43: Rule path targetRule.and[3]; depth 1; parent operator AND.
A44: AUD-0040 | B44: 292990 | C44: localhost test 1 | D44: 3319837 | E44: page2Audience | F44: Experience | G44: page url containsIgnoreCase wagoneer | H44: url | I44: containsIgnoreCase | J44: wagoneer | K44: No evidence in this condition | L44: To Be Confirmed | M44: To Be Confirmed | N44: Qualified visitor satisfies the complete rule and receives the expected configured experience. | O44: Visitor failing this condition does not receive the personalized experience unless another valid rule path qualifies. | R44: Not Started | T44: Rule path targetRule; depth 0; parent operator UNKNOWN.
A45: AUD-0041 | B45: 292990 | C45: localhost test 1 | D45: 3319837 | E45: page2Audience | F45: Location | G45: page url containsIgnoreCase wagoneer | H45: url | I45: containsIgnoreCase | J45: wagoneer | K45: No evidence in this condition | L45: To Be Confirmed | M45: To Be Confirmed | N45: Qualified visitor satisfies the complete rule and receives the expected configured experience. | O45: Visitor failing this condition does not receive the personalized experience unless another valid rule path qualifies. | R45: Not Started | T45: Rule path targetRule; depth 0; parent operator UNKNOWN.
A46: AUD-0042 | B46: 293148 | C46: localhost test 2 | D46: 3319837 | E46: page2Audience | F46: Location | G46: page url containsIgnoreCase wagoneer | H46: url | I46: containsIgnoreCase | J46: wagoneer | K46: No evidence in this condition | L46: To Be Confirmed | M46: To Be Confirmed | N46: Qualified visitor satisfies the complete rule and receives the expected configured experience. | O46: Visitor failing this condition does not receive the personalized experience unless another valid rule path qualifies. | R46: Not Started | T46: Rule path targetRule; depth 0; parent operator UNKNOWN.
A47: AUD-0043 | B47: 293148 | C47: localhost test 2 | D47: 3321305 | E47: Default Page | F47: Location | G47: page domain equals localhost | H47: domain | I47: equals | J47: localhost | K47: No evidence in this condition | L47: To Be Confirmed | M47: To Be Confirmed | N47: Qualified visitor satisfies the complete rule and receives the expected configured experience. | O47: Visitor failing this condition does not receive the personalized experience unless another valid rule path qualifies. | R47: Not Started | T47: Rule path targetRule.or[0].and[0]; depth 2; parent operator AND.
A48: AUD-0044 | B48: 293148 | C48: localhost test 2 | D48: 3321305 | E48: Default Page | F48: Location | G48: page path equals / | H48: path | I48: equals | J48: / | K48: No evidence in this condition | L48: To Be Confirmed | M48: To Be Confirmed | N48: Qualified visitor satisfies the complete rule and receives the expected configured experience. | O48: Visitor failing this condition does not receive the personalized experience unless another valid rule path qualifies. | R48: Not Started | T48: Rule path targetRule.or[0].and[1]; depth 2; parent operator AND.
A49: AUD-0045 | B49: 293148 | C49: localhost test 2 | D49: 3321305 | E49: Default Page | F49: Location | G49: page url containsIgnoreCase okta | H49: url | I49: containsIgnoreCase | J49: okta | K49: No evidence in this condition | L49: To Be Confirmed | M49: To Be Confirmed | N49: Qualified visitor satisfies the complete rule and receives the expected configured experience. | O49: Visitor failing this condition does not receive the personalized experience unless another valid rule path qualifies. | R49: Not Started | T49: Rule path targetRule.or[1].or[0]; depth 2; parent operator OR.
... A54: AUD-0050 | B54: 292589 | C54: okta.com test2 | D54: 3315731 | E54: Default Page | F54: Location | G54: page url containsIgnoreCase www.okta.com | H54: url | I54: containsIgnoreCase | J54: www.okta.com | K54: No evidence in this condition | L54: To Be Confirmed | M54: To Be Confirmed | N54: Qualified visitor satisfies the complete rule and receives the expected configured experience. | O54: Visitor failing this condition does not receive the personalized experience unless another valid rule path qualifies. | R54: Not Started | T54: Rule path targetRule.or[1]; depth 1; parent operator OR.
A55: AUD-0051 | B55: 292589 | C55: okta.com test2 | D55: 3318542 | E55: oktaTesting | F55: Location | G55: profile user.oktaTesting equals true | H55: user.oktaTesting | I55: equals | J55: TRUE | K55: Yes | L55: To Be Confirmed | M55: To Be Confirmed | N55: Qualified visitor satisfies the complete rule and receives the expected configured experience. | O55: Visitor failing this condition does not receive the personalized experience unless another valid rule path qualifies. | R55: Not Started | T55: Rule path targetRule; depth 0; parent operator UNKNOWN.
A56: AUD-0052 | B56: 245616 | C56: Oliver TGA AB Test | D56: 2717218 | E56: template_Id_1 | F56: Location | G56: page domain equals publish-p100070-e1109583.adobeaemcloud.com | H56: domain | I56: equals | J56: publish-p100070-e1109583.adobeaemcloud.com | K56: No evidence in this condition | L56: To Be Confirmed | M56: To Be Confirmed | N56: Qualified visitor satisfies the complete rule and receives the expected configured experience. | O56: Visitor failing this condition does not receive the personalized experience unless another valid rule path qualifies. | R56: Not Started | T56: Rule path targetRule.and[0]; depth 1; parent operator AND.
A57: AUD-0053 | B57: 245616 | C57: Oliver TGA AB Test | D57: 2717218 | E57: template_Id_1 | F57: Location | G57: page path equals /content/opsmt/us/en.men.html/,/content/opsmt/us/en.men.html | H57: path | I57: equals | J57: /content/opsmt/us/en.men.html/,/content/opsmt/us/en.men.html | K57: No evidence in this condition | L57: To Be Confirmed | M57: To Be Confirmed | N57: Qualified visitor satisfies the complete rule and receives the expected configured experience. | O57: Visitor failing this condition does not receive the personalized experience unless another valid rule path qualifies. | R57: Not Started | T57: Rule path targetRule.and[1]; depth 1; parent operator AND.
A58: AUD-0054 | B58: 258825 | C58: Oliver TGA Final Target | D58: 2887171 | E58: template_Id_1 | F58: Location | G58: page domain equals publish-p100070-e1109583.adobeaemcloud.com | H58: domain | I58: equals | J58: publish-p100070-e1109583.adobeaemcloud.com | K58: No evidence in this condition | L58: To Be Confirmed | M58: To Be Confirmed | N58: Qualified visitor satisfies the complete rule and receives the expected configured experience. | O58: Visitor failing this condition does not receive the personalized experience unless another valid rule path qualifies. | R58: Not Started | T58: Rule path targetRule.and[0]; depth 1; parent operator AND.
A59: AUD-0055 | B59: 258825 | C59: Oliver TGA Final Target | D59: 2887171 | E59: template_Id_1 | F59: Location | G59: page path equals /content/opsmt/us/en/index.kids.html/,/content/opsmt/us/en/index.kids.html | H59: path | I59: equals | J59: /content/opsmt/us/en/index.kids.html/,/content/opsmt/us/en/index.kids.html | K59: No evidence in this condition | L59: To Be Confirmed | M59: To Be Confirmed | N59: Qualified visitor satisfies the complete rule and receives the expected configured experience. | O59: Visitor failing this condition does not receive the personalized experience unless another valid rule path qualifies. | R59: Not Started | T59: Rule path targetRule.and[1]; depth 1; parent operator AND.
A60: AUD-0056 | B60: 280257 | C60: Pranjal - XT | D60: 3158903 | E60: Returning Visitor - P | F60: Location | G60: mbox visitorType unknown | H60: visitorType | I60: unknown | K60: No evidence in this condition | L60: To Be Confirmed | M60: To Be Confirmed | N60: Qualified visitor satisfies the complete rule and receives the expected configured experience. | O60: Visitor failing this condition does not receive the personalized experience unless another valid rule path qualifies. | R60: Not Started | T60: Rule path targetRule; depth 0; parent operator UNKNOWN.
A61: AUD-0057 | B61: 290338 | C61: rec luma ecommerce naln2 Category | D61: To Be Confirmed | E61: To Be Confirmed | F61: Activity | G61: To Be Confirmed | H61: To Be Confirmed | I61: To Be Confirmed | J61: To Be Confirmed | K61: To Be Confirmed | L61: To Be Confirmed | M61: To Be Confirmed | N61: Qualified visitor receives the expected configured experience. | O61: Non-qualified visitor receives the configured default, alternative, or no personalized experience. | R61: Not Started | T61: No audience reference was resolved from the activity-detail mapping; confirm activity-level/default qualification.
A62: AUD-0058 | B62: 292626 | C62: saket_Highly Advance | D62: 3316020 | E62: CF_Highly_Engaged_Audience | F62: Experience | G62: profile user.Saket_segmentUserByPropensity equals Highly Engaged | H62: user.Saket_segmentUserByPropensity | I62: equals | J62: Highly Engaged | K62: Yes | L62: To Be Confirmed | M62: To Be Confirmed | N62: Qualified visitor satisfies the complete rule and receives the expected configured experience. | O62: Visitor failing this condition does not receive the personalized experience unless another valid rule path qualifies. | R62: Not Started | T62: Rule path targetRule.and[0]; depth 1; parent operator AND.
A63: AUD-0059 | B63: 292626 | C63: saket_Highly Advance | D63: 3316020 | E63: CF_Highly_Engaged_Audience | F63: Experience | G63: geo region matches texas | H63: region | I63: matches | J63: texas | K63: No evidence in this condition | L63: To Be Confirmed | M63: To Be Confirmed | N63: Qualified visitor satisfies the complete rule and receives the expected configured experience. | O63: Visitor failing this condition does not receive the personalized experience unless another valid rule path qualifies. | R63: Not Started | T63: Rule path targetRule.and[1]; depth 1; parent operator AND.
A64: AUD-0060 | B64: 292626 | C64: saket_Highly Advance | D64: 3316020 | E64: CF_Highly_Engaged_Audience | F64: Experience | G64: page url containsIgnoreCase model-compare | H64: url | I64: containsIgnoreCase | J64: model-compare | K64: No evidence in this condition | L64: To Be Confirmed | M64: To Be Confirmed | N64: Qualified visitor satisfies the complete rule and receives the expected configured experience. | O64: Visitor failing this condition does not receive the personalized experience unless another valid rule path qualifies. | R64: Not Started | T64: Rule path targetRule.and[2]; depth 1; parent operator AND.
A65: AUD-0061 | B65: 292626 | C65: saket_Highly Advance | D65: 3316020 | E65: CF_Highly_Engaged_Audience | F65: Experience | G65: profile test containsIgnoreCase Compass | H65: test | I65: containsIgnoreCase | J65: Compass | K65: Yes | L65: To Be Confirmed | M65: To Be Confirmed | N65: Qualified visitor satisfies the complete rule and receives the expected configured experience. | O65: Visitor failing this condition does not receive the personalized experience unless another valid rule path qualifies. | R65: Not Started | T65: Rule path targetRule.and[3]; depth 1; parent operator AND.
A66: AUD-0062 | B66: 292626 | C66: saket_Highly Advance | D66: 3316078 | E66: Default Page | F66: Location | G66: page domain equals www.okta.com | H66: domain | I66: equals | J66: www.okta.com | K66: No evidence in this condition | L66: To Be Confirmed | M66: To Be Confirmed | N66: Qualified visitor satisfies the complete rule and receives the expected configured experience. | O66: Visitor failing this condition does not receive the personalized experience unless another valid rule path qualifies. | R66: Not Started | T66: Rule path targetRule.and[0]; depth 1; parent operator AND.
A67: AUD-0063 | B67: 292626 | C67: saket_Highly Advance | D67: 3316078 | E67: Default Page | F67: Location | G67: page path equals / | H67: path | I67: equals | J67: / | K67: No evidence in this condition | L67: To Be Confirmed | M67: To Be Confirmed | N67: Qualified visitor satisfies the complete rule and receives the expected configured experience. | O67: Visitor failing this condition does not receive the personalized experience unless another valid rule path qualifies. | R67: Not Started | T67: Rule path targetRule.and[1]; depth 1; parent operator AND.
A68: AUD-0064 | B68: 292626 | C68: saket_Highly Advance | D68: 3319562 | E68: CF_Low_Engaged_Audience | F68: Experience | G68: profile user.Saket_segmentUserByPropensity equals Low Engaged | H68: user.Saket_segmentUserByPropensity | I68: equals | J68: Low Engaged | K68: Yes | L68: To Be Confirmed | M68: To Be Confirmed | N68: Qualified visitor satisfies the complete rule and receives the expected configured experience. | O68: Visitor failing this condition does not receive the personalized experience unless another valid rule path qualifies. | R68: Not Started | T68: Rule path targetRule; depth 0; parent operator UNKNOWN.
A69: AUD-0065 | B69: 292626 | C69: saket_Highly Advance | D69: 3319567 | E69: CF_Modertately_Engaged_Audience | F69: Experience | G69: profile user.Saket_segmentUserByPropensity equals Moderately Engaged | H69: user.Saket_segmentUserByPropensity | I69: equals | J69: Moderately Engaged | K69: Yes | L69: To Be Confirmed | M69: To Be Confirmed | N69: Qualified visitor satisfies the complete rule and receives the expected configured experience. | O69: Visitor failing this condition does not receive the personalized experience unless another valid rule path qualifies. | R69: Not Started | T69: Rule path targetRule; depth 0; parent operator UNKNOWN.
A70: AUD-0066 | B70: 275412 | C70: Spectra_MVP | D70: To Be Confirmed | E70: To Be Confirmed | F70: Activity | G70: To Be Confirmed | H70: To Be Confirmed | I70: To Be Confirmed | J70: To Be Confirmed | K70: To Be Confirmed | L70: To Be Confirmed | M70: To Be Confirmed | N70: Qualified visitor receives the expected configured experience. | O70: Non-qualified visitor receives the configured default, alternative, or no personalized experience. | R70: Not Started | T70: No audience reference was resolved from the activity-detail mapping; confirm activity-level/default qualification.
A71: AUD-0067 | B71: 275457 | C71: Spectra_RVI | D71: To Be Confirmed | E71: To Be Confirmed | F71: Activity | G71: To Be Confirmed | H71: To Be Confirmed | I71: To Be Confirmed | J71: To Be Confirmed | K71: To Be Confirmed | L71: To Be Confirmed | M71: To Be Confirmed | N71: Qualified visitor receives the expected configured experience. | O71: Non-qualified visitor receives the configured default, alternative, or no personalized experience. | R71: Not Started | T71: No audience reference was resolved from the activity-detail mapping; confirm activity-level/default qualification.
A72: AUD-0068 | B72: 319335 | C72: Subm WEB SDK POC SOlutions | D72: 3621317 | E72: Default Page | F72: Location | G72: page domain equals solutions.ups.com | H72: domain | I72: equals | J72: solutions.ups.com | K72: No evidence in this condition | L72: To Be Confirmed | M72: To Be Confirmed | N72: Qualified visitor satisfies the complete rule and receives the expected configured experience. | O72: Visitor failing this condition does not receive the personalized experience unless another valid rule path qualifies. | R72: Not Started | T72: Rule path targetRule.and[0]; depth 1; parent operator AND.
A73: AUD-0069 | B73: 319335 | C73: Subm WEB SDK POC SOlutions | D73: 3621317 | E73: Default Page | F73: Location | G73: page path equals /virtual-consultation-us-en-v4.html,/virtual-consultation-us-en-v4.html/ | H73: path | I73: equals | J73: /virtual-consultation-us-en-v4.html,/virtual-consultation-us-en-v4.html/ | K73: No evidence in this condition | L73: To Be Confirmed | M73: To Be Confirmed | N73: Qualified visitor satisfies the complete rule and receives the expected configured experience. | O73: Visitor failing this condition does not receive the personalized experience unless another valid rule path qualifies. | R73: Not Started | T73: Rule path targetRule.and[1]; depth 1; parent operator AND.
A74: AUD-0070 | B74: 319335 | C74: Subm WEB SDK POC SOlutions | D74: 3621317 | E74: Default Page | F74: Location | G74: page {"parameter":"websdk"} equals true | H74: {"parameter":"websdk"} | I74: equals | J74: TRUE | K74: No evidence in this condition | L74: To Be Confirmed | M74: To Be Confirmed | N74: Qualified visitor satisfies the complete rule and receives the expected configured experience. | O74: Visitor failing this condition does not receive the personalized experience unless another valid rule path qualifies. | R74: Not Started | T74: Rule path targetRule.and[2]; depth 1; parent operator AND.
A75: AUD-0071 | B75: 215655 | C75: Target Test | D75: 2321319 | E75: template_Id_1 | F75: Location | G75: page domain equals wkwztldvxgmvp07 | H75: domain | I75: equals | J75: wkwztldvxgmvp07 | K75: No evidence in this condition | L75: To Be Confirmed | M75: To Be Confirmed | N75: Qualified visitor satisfies the complete rule and receives the expected configured experience. | O75: Visitor failing this condition does not receive the personalized experience unless another valid rule path qualifies. | R75: Not Started | T75: Rule path targetRule.and[0]; depth 1; parent operator AND.
A76: AUD-0072 | B76: 215655 | C76: Target Test | D76: 2321319 | E76: template_Id_1 | F76: Location | G76: page path equals /content/we-retail/us/en.html/,/content/we-retail/us/en.html | H76: path | I76: equals | J76: /content/we-retail/us/en.html/,/content/we-retail/us/en.html | K76: No evidence in this condition | L76: To Be Confirmed | M76: To Be Confirmed | N76: Qualified visitor satisfies the complete rule and receives the expected configured experience. | O76: Visitor failing this condition does not receive the personalized experience unless another valid rule path qualifies. | R76: Not Started | T76: Rule path targetRule.and[1]; depth 1; parent operator AND.
A77: AUD-0073 | B77: 319957 | C77: Test 2 - AB | D77: 3629157 | E77: Default Page | F77: Location | G77: page domain equals meghamehtagmail.github.io | H77: domain | I77: equals | J77: meghamehtagmail.github.io | K77: No evidence in this condition | L77: To Be Confirmed | M77: To Be Confirmed | N77: Qualified visitor satisfies the complete rule and receives the expected configured experience. | O77: Visitor failing this condition does not receive the personalized experience unless another valid rule path qualifies. | R77: Not Started | T77: Rule path targetRule.and[0]; depth 1; parent operator AND.
A78: AUD-0074 | B78: 319957 | C78: Test 2 - AB | D78: 3629157 | E78: Default Page | F78: Location | G78: page path equals /malabarGold/hexashop-1.0.0/index.html,/malabarGold/hexashop-1.0.0/index.html/ | H78: path | I78: equals | J78: /malabarGold/hexashop-1.0.0/index.html,/malabarGold/hexashop-1.0.0/index.html/ | K78: No evidence in this condition | L78: To Be Confirmed | M78: To Be Confirmed | N78: Qualified visitor satisfies the complete rule and receives the expected configured experience. | O78: Visitor failing this condition does not receive the personalized experience unless another valid rule path qualifies. | R78: Not Started | T78: Rule path targetRule.and[1]; depth 1; parent operator AND.
A79: AUD-0075 | B79: 315940 | C79: test activity - workspace and property | D79: 3582113 | E79: Default Page | F79: Location | G79: page domain equals meghamehtagmail.github.io | H79: domain | I79: equals | J79: meghamehtagmail.github.io | K79: No evidence in this condition | L79: To Be Confirmed | M79: To Be Confirmed | N79: Qualified visitor satisfies the complete rule and receives the expected configured experience. | O79: Visitor failing this condition does not receive the personalized experience unless another valid rule path qualifies. | R79: Not Started | T79: Rule path targetRule.and[0]; depth 1; parent operator AND.
A80: AUD-0076 | B80: 315940 | C80: test activity - workspace and property | D80: 3582113 | E80: Default Page | F80: Location | G80: page path equals /malabarGold/hexashop-1.0.0/index.html,/malabarGold/hexashop-1.0.0/index.html/ | H80: path | I80: equals | J80: /malabarGold/hexashop-1.0.0/index.html,/malabarGold/hexashop-1.0.0/index.html/ | K80: No evidence in this condition | L80: To Be Confirmed | M80: To Be Confirmed | N80: Qualified visitor satisfies the complete rule and receives the expected configured experience. | O80: Visitor failing this condition does not receive the personalized experience unless another valid rule path qualifies. | R80: Not Started | T80: Rule path targetRule.and[1]; depth 1; parent operator AND.
A81: AUD-0077 | B81: 282625 | C81: Test CRM Membership | AY | D81: 3186071 | E81: Test Crm Membership | F81: Experience | G81: To Be Confirmed | H81: To Be Confirmed | I81: To Be Confirmed | J81: To Be Confirmed | K81: To Be Confirmed | L81: To Be Confirmed | M81: To Be Confirmed | N81: Qualified visitor receives the expected configured experience. | O81: Non-qualified visitor receives the configured default, alternative, or no personalized experience. | R81: Not Started | T81: Audience is referenced by the activity but no meaningful condition row was available in the reviewed inventory.
A82: AUD-0078 | B82: 282625 | C82: Test CRM Membership | AY | D82: 3186083 | E82: Default Page | F82: Location | G82: page domain equals localhost | H82: domain | I82: equals | J82: localhost | K82: No evidence in this condition | L82: To Be Confirmed | M82: To Be Confirmed | N82: Qualified visitor satisfies the complete rule and receives the expected configured experience. | O82: Visitor failing this condition does not receive the personalized experience unless another valid rule path qualifies. | R82: Not Started | T82: Rule path targetRule.or[0].and[0]; depth 2; parent operator AND.
A83: AUD-0079 | B83: 282625 | C83: Test CRM Membership | AY | D83: 3186083 | E83: Default Page | F83: Location | G83: page path equals /index.html/,/index.html | H83: path | I83: equals | J83: /index.html/,/index.html | K83: No evidence in this condition | L83: To Be Confirmed | M83: To Be Confirmed | N83: Qualified visitor satisfies the complete rule and receives the expected configured experience. | O83: Visitor failing this condition does not receive the personalized experience unless another valid rule path qualifies. | R83: Not Started | T83: Rule path targetRule.or[0].and[1]; depth 2; parent operator AND.
A84: AUD-0080 | B84: 282625 | C84: Test CRM Membership | AY | D84: 3186083 | E84: Default Page | F84: Location | G84: page url containsIgnoreCase http://localhost:5500/contentDetails.html?3 | H84: url | I84: containsIgnoreCase | J84: http://localhost:5500/contentDetails.html?3 | K84: No evidence in this condition | L84: To Be Confirmed | M84: To Be Confirmed | N84: Qualified visitor satisfies the complete rule and receives the expected configured experience. | O84: Visitor failing this condition does not receive the personalized experience unless another valid rule path qualifies. | R84: Not Started | T84: Rule path targetRule.or[1]; depth 1; parent operator OR.
A85: AUD-0081 | B85: 332726 | C85: Test Experiment for API | D85: To Be Confirmed | E85: To Be Confirmed | F85: Activity | G85: To Be Confirmed | H85: To Be Confirmed | I85: To Be Confirmed | J85: To Be Confirmed | K85: To Be Confirmed | L85: To Be Confirmed | M85: To Be Confirmed | N85: Qualified visitor receives the expected configured experience. | O85: Non-qualified visitor receives the configured default, alternative, or no personalized experience. | R85: Not Started | T85: No audience reference was resolved from the activity-detail mapping; confirm activity-level/default qualification.
A86: AUD-0082 | B86: 319734 | C86: Test Luma | D86: 3625608 | E86: Default Page | F86: Location | G86: page domain equals luma.enablementadobe.com | H86: domain | I86: equals | J86: luma.enablementadobe.com | K86: No evidence in this condition | L86: To Be Confirmed | M86: To Be Confirmed | N86: Qualified visitor satisfies the complete rule and receives the expected configured experience. | O86: Visitor failing this condition does not receive the personalized experience unless another valid rule path qualifies. | R86: Not Started | T86: Rule path targetRule.and[0]; depth 1; parent operator AND.
A87: AUD-0083 | B87: 319734 | C87: Test Luma | D87: 3625608 | E87: Default Page | F87: Location | G87: page path equals /content/luma/us/en.html,/content/luma/us/en.html/ | H87: path | I87: equals | J87: /content/luma/us/en.html,/content/luma/us/en.html/ | K87: No evidence in this condition | L87: To Be Confirmed | M87: To Be Confirmed | N87: Qualified visitor satisfies the complete rule and receives the expected configured experience. | O87: Visitor failing this condition does not receive the personalized experience unless another valid rule path qualifies. | R87: Not Started | T87: Rule path targetRule.and[1]; depth 1; parent operator AND.
A88: AUD-0084 | B88: 266572 | C88: testactivitysanjay | D88: 2978937 | E88: Default Page | F88: Location | G88: page domain equals localhost | H88: domain | I88: equals | J88: localhost | K88: No evidence in this condition | L88: To Be Confirmed | M88: To Be Confirmed | N88: Qualified visitor satisfies the complete rule and receives the expected configured experience. | O88: Visitor failing this condition does not receive the personalized experience unless another valid rule path qualifies. | R88: Not Started | T88: Rule path targetRule.and[0]; depth 1; parent operator AND.
A89: AUD-0085 | B89: 266572 | C89: testactivitysanjay | D89: 2978937 | E89: Default Page | F89: Location | G89: page path equals /content/psmt/us/en/testtargetpage.html/,/content/psmt/us/en/testtargetpage.html | H89: path | I89: equals | J89: /content/psmt/us/en/testtargetpage.html/,/content/psmt/us/en/testtargetpage.html | K89: No evidence in this condition | L89: To Be Confirmed | M89: To Be Confirmed | N89: Qualified visitor satisfies the complete rule and receives the expected configured experience. | O89: Visitor failing this condition does not receive the personalized experience unless another valid rule path qualifies. | R89: Not Started | T89: Rule path targetRule.and[1]; depth 1; parent operator AND.
A90: AUD-0086 | B90: 264528 | C90: TestSanjay | D90: 2952658 | E90: qa | F90: Location | G90: page url containsIgnoreCase qa=true | H90: url | I90: containsIgnoreCase | J90: qa=true | K90: No evidence in this condition | L90: To Be Confirmed | M90: To Be Confirmed | N90: Qualified visitor satisfies the complete rule and receives the expected configured experience. | O90: Visitor failing this condition does not receive the personalized experience unless another valid rule path qualifies. | R90: Not Started | T90: Rule path targetRule; depth 0; parent operator UNKNOWN.
A91: AUD-0087 | B91: 264528 | C91: TestSanjay | D91: 2953817 | E91: Default Page | F91: Location | G91: page domain equals publish-p120465-e1171116.adobeaemcloud.com | H91: domain | I91: equals | J91: publish-p120465-e1171116.adobeaemcloud.com | K91: No evidence in this condition | L91: To Be Confirmed | M91: To Be Confirmed | N91: Qualified visitor satisfies the complete rule and receives the expected configured experience. | O91: Visitor failing this condition does not receive the personalized experience unless another valid rule path qualifies. | R91: Not Started | T91: Rule path targetRule.and[0]; depth 1; parent operator AND.
A92: AUD-0088 | B92: 264528 | C92: TestSanjay | D92: 2953817 | E92: Default Page | F92: Location | G92: page path equals /content/psmt/us/en/product-details-page/oneplusbuds.html/,/content/psmt/us/en/product-details-page/oneplusbuds.html | H92: path | I92: equals | J92: /content/psmt/us/en/product-details-page/oneplusbuds.html/,/content/psmt/us/en/product-details-page/oneplusbuds.html | K92: No evidence in this condition | L92: To Be Confirmed | M92: To Be Confirmed | N92: Qualified visitor satisfies the complete rule and receives the expected configured experience. | O92: Visitor failing this condition does not receive the personalized experience unless another valid rule path qualifies. | R92: Not Started | T92: Rule path targetRule.and[1]; depth 1; parent operator AND.
A93: AUD-0089 | B93: 265784 | C93: TGA_Sanjay_Local | D93: 2968831 | E93: Default Page | F93: Location | G93: page domain equals localhost | H93: domain | I93: equals | J93: localhost | K93: No evidence in this condition | L93: To Be Confirmed | M93: To Be Confirmed | N93: Qualified visitor satisfies the complete rule and receives the expected configured experience. | O93: Visitor failing this condition does not receive the personalized experience unless another valid rule path qualifies. | R93: Not Started | T93: Rule path targetRule.and[0]; depth 1; parent operator AND.
